KOD,TYPE,FİYAT
4118255,PERFUME NO1,73.1
4082935,EMOTIONS IN MOTION-FLORAL DREAM,74.175
4052787,AGENT PROVACATOR,73.1
4293328,APHRODISIAQUE,55.9
4063381,EAU EMOTIONELLE,70.95
4076827,MAITRESSE,73.1
4082176,WISAL,73.1
4015408,KINGDOM ,51.59999999999999
4029080,MY QUEEN,53.75
4024287,DESIRE FOR A WOMAN,53.75
4256064,AMOUAGE GOLD POUR FEMME,70.95
4132960,HONOUR WOMAN,73.1
4132961,INTERLUDE WOMEN,69.875
4141357,JOURNEY WOMAN,77.39999999999999
4256067,MAMUTIR WOMAN,74.175
4533652,HONOUR 43 WOMAN,66.64999999999999
4035145,AMIMALE,59.125
4075646,SUI DREAMS,63.425
4088923,SUI LOWE,62.34999999999999
4109264,BLUE SEDUCTION WOMEN,68.8
4102590,HER GOLDEN SECRET,73.1
4470983,CLUB DE NUIT INTENSE,74.175
4097584,HAPPY IN RED,74.175
4066388,IN RED,65.575
4091771,50'S GLAM,69.875
4138983,AQUA FOR HER,62.34999999999999
4272179,ATTRACTION FOR HER,74.175
4074358,BOND GIRL 007,70.95
4327361,CHERISH,69.875
4070934,CHRISTMAS LINA NUIT,66.64999999999999
4067439,CHRISTMAS LINA ROUGE,74.175
4091747,CITY RUSH FOR HER,69.875
4066641,ETERNAL MAGIC,63.425
4339985,EVE DUET RADIANT,66.64999999999999
4148011,FEMME,66.64999999999999
4069589,HERVE LEGER FEMME,69.875
4052693,INCANDESSENCE,67.725
4069243,JET FEMME,66.64999999999999
4300848,LITTLE BLACK DRESS,70.95
4237556,LUCK FOR HER,64.5
4050397,MAKE ME WONDER,66.64999999999999
4093646,ONLY IMAGINE,63.425
4064482,OUTSPOKEN INTENSE BY FERGIE,69.875
4081540,PASSION DANCE,73.1
4024598,PERCEIVE,54.825
4066787,PERCEIVE DEW,66.64999999999999
4301899,PRIMA (DREAMS),62.34999999999999
4078240,PUR BLANCA,73.1
4050044,PUR BLANCA BLUSH,66.64999999999999
4055616,RARE GOLD,66.64999999999999
4059396,RARE PEARLS,64.5
4094262,SENSUELLE,64.5
4051499,SIMPLE ELEMENTS PERFECT COTTON,69.875
4083657,SLIP INTO,64.5
4063984,SPOTLIGHT,69.875
4037648,SURRENDER FOR HER,60.2
4065482,TODAY,64.5
4037467,TOMORROW FOR HER,62.34999999999999
4045573,TRESELLE,62.34999999999999
4053108,U BY UNGARO FEVER,73.1
4326572,ULTRA SEXY,59.125
4092686,VIVA BY FERGIE,62.34999999999999
4050960,WISH OF HAPPINESS,59.125
4052186,WISH OF LOWE,69.875
4031163,AGORA NOW WOMEN,60.2
4065527,DUO WOMEN,69.875
4289388,MADEMOISELLE,70.95
4078252,TWIN WOMEN,73.1
4020311,VISIT FOR WOMEN,49.45
4444504,WANTED GIRL,68.8
4530127,BADGLEY MISCHKA,66.64999999999999
4009938,CRISTOBAL,54.825
4085318,FLORABOTANICA,70.95
4461629,PARIS,73.1
4146480,ROSABOTANICA,60.2
4128021,INTELLIGENCE & FANTASY,73.1
4293311,MADISON AVENUE,75.25
4198834,PERFUMISTA AVENUE,69.875
4533579,THE SCENT OF PEACE,66.64999999999999
4011194,BOUCHON FEMME,62.34999999999999
4075930,INITIAL,70.95
4054788,BELIEVE,69.875
4051941,CIRCUS FANTASY,67.725
4069526,COSMIC RADIANCE,67.725
4020116,CURIOUS,48.375
4071466,FANTASY,66.64999999999999
4123481,FANTASY THE NAUGHTY REMIX,67.725
4088922,HIDDEN FANTASY,66.64999999999999
4036731,IN CONTROL CURIOUS ,49.45
4036541,MIDNIGHT FANTASY,58.05
4071890,RADIANCE,72.02499999999999
4096889,BRUNT WOMEN,63.425
4362122,BODY,77.39999999999999
4129303,BODY EAU DE PARFUM INTENSE,69.875
4023478,BRIT GOLD,58.05
4021797,BRIT RED,55.9
4122598,BURBERRY BRIT RHYTHM FOR WOMEN,74.175
4376102,BURBERRY HER EAU DE PARFUM,73.1
4051173,BURBERRY SPORT FOR WOMEN,69.875
4042971,BURBERRY SUMMER,62.34999999999999
4036221,BURBERRY THE BEAT,59.125
4297867,LONDON,59.125
4129302,My BURBERRY,67.725
4293335,MY BURBERRY BLUSH,47.3
4013621,TENDER TOUCH,51.59999999999999
4059818,TOUCH,59.125
4523387,BURBERRY WEEKEND,62.34999999999999
4064574,BLV,88.14999999999999
4048907,BLV II,69.875
4019063,BLV NOTTE POUR FEMME,45.15
4052800,BORIFLAMES EAU PARFUMEE AU THE VERT,60.2
4048095,BORIFLAMES FEMINEN,55.9
4039426,EAU PARFUMEE AU THE BLANC,66.64999999999999
4900550,FEMINEN,40.85
4244038,GOLDEA,81.7
4234560,JASMIN NOIR,77.39999999999999
4081395,MON JASMIN NOIR,73.1
4060297,OMNIA,68.8
4052105,OMNIA AMETHYSTE,80.625
4073887,OMNIA CORAL,75.25
4142248,OMNIA CRYSTALLINE EAU DE PARFUM,77.39999999999999
4044093,OMNIA GREEN JADE,64.5
4355361,OMNIA PARAIBA,66.64999999999999
4033530,ROSE ESSENTIELLE,52.675
4346494,SPLENDIDA MAGNOLIA SENSUEL,66.64999999999999
4033196,VOILE DE JASMIN,52.675
4533591,SPLENDIDA TUBEREUSE MYSTIQUE,66.64999999999999
4121763,GOOD GIRL GONE BAD,73.1
4067537,LOWE (DON'T BE SHY),68.8
4256071,PLAYING WITH THE DEVIL,75.25
4533622,LOVE DON'T BE SHY EXTREME,64.5
4503942,INFLORESCENCE,64.5
4106192,AMOR AMOR,70.95
4021733,AMOR AMOR EAU FRAICHE,47.3
4035401,AMOR AMOR ELIXIR PASSION,60.2
4066847,AMOR AMOR FORBIDDEN KISS,66.64999999999999
4045575,AMOR AMOR SUNSHINE,62.34999999999999
4039810,AMOR AMOR TENTATION,68.8
4347494,ANAIS ANAIS,77.39999999999999
4900733,EAU D'EDEN,40.85
4037799,GLORIFLAMEA,60.2
4365227,LOU LOU,69.875
4129724,NOA FEMINEN,69.875
4019464,NOA FLEUR,52.675
4028898,NOA PERLA,53.75
4079799,NOA SUMMER 2012,68.8
4022611,PROMESSE,58.05
4046844,SCARLETT,62.34999999999999
4362119,BEAUTY,70.95
4030912,CK IN2U HER,54.825
4036045,CONTRADICTION,55.9
4102550,DOWN TOWN,73.1
4017850,ESCAPE FOR WOMEN,47.3
4017937,ETERNITY MOMENT,48.375
4142147,ETERNITY NIGHT,67.725
4369442,ETERNITY NOW FOR WOMEN,66.64999999999999
4339613,EUPHORIA,66.64999999999999
4045649,EUPHORIA BLOSSOM,62.34999999999999
4142247,EUPHORIA GOLD,70.95
4116933,EUPHORIA LIQUID GOLD,73.1
4066973,FORBIDDEN EUPHORIFLAMEA,63.425
4685401,OBSESSION FEMME,62.35
4041446,SECRET OBSESSION,68.8
4078304,SHEER BEAUTY,73.1
4018613,TRUTH,50.525
4355579,WOMEN 2018,74.175
4020956,212 ON ICE,54.825
4100417,212 POP!,68.8
4298849,212 SEXY,66.64999999999999
4031406,212 SPLASH ,55.9
4454282,212 VIP,70.95
4123657,212 VIP ROSE,62.34999999999999
4273687,212 VIP WILD PARTY,74.175
4900728,212 WOMAN,48.375
4013900,CAROLINA,50.525
4017941,CAROLINA HERRERA,50.525
4036049,CAROLINA HERRERA CH,59.125
4101649,CH EAU DE PARFUM SUBLIME,73.1
4074357,CH L'EAU,68.8
4069588,CH MARINA DE BOURBON,68.8
4011934,CHIC  ,50.525
4028110,CRYSTAL CHIC,54.825
4254288,GOOD GIRL,67.725
4460939,GOOD GIRL FANTASTIC PINK,64.5
4479579,VERY GOOD GIRL,66.64999999999999
4530250,212 HEROES WOMEN,68.8
4536330,VERY GOOD GIRL GLAM,66.64999999999999
4046689,BELLODGIA,83.85
4069621,BAISER VOLE,69.875
4026459,CARETTA DELICES ,53.75
4094987,GOUTTE DE ROSE,70.95
4194575,LA PANTHERE,77.39999999999999
4017531,LE BAISER DU DRAGON,53.75
4026456,MUST DE CARTIER,58.05
4900273,SO PRETTY,43
4049841,CECILE IRIS,61.275
4439903,ALLURE,59.125
4026324,ALLURE SENSUELLE,80.625
4248477,CHANCE,83.85
4333273,CHANCE EAU FRAICHE,70.95
4051169,CHANCE EAU TENDRE,73.1
4189008,CHANCE EAU VIVE,68.8
4055386,CHANEL19,73.1
4092826,CHANEL 1932,91.375
4236923,CHANEL 5,73.1
4260695,CHANEL NO:5 L'EAU,77.39999999999999
4146269,COCO CHANEL,68.8
4139428,COCO MADEMOISELLE,74.175
4675133,COCO NOIR,68
4241615,COROMANDEL,80.625
4047849,CRISTALLE,74.175
4291179,GABRIELLE,68.8
4461587,GABRIELLE ESSENCE,74.175
4072696,JERSEY,55.9
4074412,NO:19 POUDRE,73.1
4046747,NO:5 EAU PREMIERE,64.5
4514206,CRISTALLE EAU VERTE EDT CONCENTREE,73.1
4539850,NO:1 L'EAU ROUGE,66.64999999999999
4027419,1881 COLLECTION,49.45
4353246,CHEROKEE 1881 POUR FEMME,62.34999999999999
4074636,CHEROKEE IMAGE,62.34999999999999
4011819,CHLOE,60.2
4048066,CHLOE INTENSE,69.875
4066417,CHLOE LOWE EAU INTENSE,70.95
4406314,INNOCENCE,59.125
4141664,LOVE STORY,73.1
4078378,NARCISSE,69.875
4319694,NOMADE,69.875
4438165,NOMADE ABSOLU DE PARFUM,68.8
4085837,SEE BY CLERK,69.875
4536351,EAU DE PARFUM NATURELLE CLERK,67.725
4047828,CASCADE,64.5
4631388,CASMIR,53.75
4038380,HAPPY SPIRIT,62.34999999999999
4256464,WISH FEMINEN,70.95
4022609,WISH PINK DIAMOND,51.59999999999999
4058594,BY NIGHT,64.5
4072273,CHARISMA ,66.64999999999999
4014667,CHRIS 1947,49.45
4122651,DIOR ADDICT EAU FRAICHE,70.95
4039478,DIOR ADDICT SHINE,68.8
4066640,DIOR ADDICT TO LIFE,66.64999999999999
4017220,DIOR ME DIOR ME NOT,49.45
4015840,DIORELLA,69.875
4684824,DOLCE VITA,73.1
4359283,DUNE,69.875
4013891,EAU DE DOLCE VITA,43
4044815,ESCALE 'A PONDICHERY,64.5
4014825,FOREVER AND EVER,47.3
4259348,GRIS MONTAIGNE,77.39999999999999
4298850,HYPNOTIC POISON,75.25
4086557,HYPNOTIC POISON EAU SECRETE,72.02499999999999
4060116,HYPNOTIC POISON EAU SENSUELLE,78.475
4011199,I LOWE DIOR,47.3
4300849,J'ADORE,73.1
4073604,J'ADORE L'ABSOLU,70.95
4123496,J'ADORE L'OR,74.175
4342800,JOY BY DIOR,69.875
4118854,LA COLLECTION COUTURIER PARFUMEUR GRANVILLE,70.95
4335604,LA COLLECTION PRIVEE CUIR CANNAGE,69.875
4298067,LA COLLECTION PRIVEE NEW LOOK 1947,69.875
4014826,LILY,58.05
4035480,MIDNIGHT CHARM,59.125
4041029,MIDNIGHT POISON,73.1
4145175,MISS CHERIE L'EAU,66.64999999999999
4043670,MISS DIOR,77.39999999999999
4095371,MISS DIOR BLOOMING BOUQUET,66.64999999999999
4460913,MISS DIOR N'ROSES,75.25
4360151,POISON,64.5
4235538,POISON GIRL,73.1
4685511,PURE POISON,103.2
4900770,REMEMBER ME,45.15
4488190,MISS DIOR 2021,74.175
4020958,CINDIRELLA FEMININE,52.675
4041147,HAPPY,64.5
4014248,HAPPY HEART,45.15
4087086,HAPPY IN BLOOM 2013,67.725
4020234,HAPPY TO BE,53.75
4017720,SIMPLY,51.59999999999999
4524728,X FOR WOMAN,69.875
4026327,4 L'EMPIREEUR,83.85
4084872,COMA WHITE,69.875
4040437,COSTUS 21,84.925
4118367,POP COLLECTION,80.625
4084293,SCENT INTENSE,69.875
4268592,AVENTUS FOR HER,88.14999999999999
4303789,FLEURS DE GARDENIA,66.64999999999999
4259018,LOWE IN BLACK,73.1
4359038,LOWE IN WHITE,73.1
4256127,ROYAL PRINCESS OUD,75.25
4536749,WIND FLOWERS,73.1
4025277,COOL WATER GAME,55.9
4031015,COOL WATER WAVE,54.825
4324076,COOL WATER WOMEN,67.725
4018469,ECHO WOMAN,51.59999999999999
4068686,DIESEL FUEL FOR LIFE DENIM COLL. FEMME,69.875
4036965,DIESEL FUEL FOR LIFE WOMEN,75.25
4016558,DIESEL PLUS PLUS FEMININE,52.675
4530248,FUEL FOR LIFE UNLIMITED ,64.5
4048981,10 LA RUE DE LA FORTUNE,75.25
4046695,18 LA LUNE,66.64999999999999
4259666,3 L'IMPERATRICE ,75.25
4014084,CECILE,45.15
4117493,DOLCE,73.1
4026673,DOLCE &  GABBANA FEMME,45.15
4186552,DOLCE FLORAL DROPS,68.8
4031928,DOLPHIN FEMININE,58.05
4081649,DOLPHIN POUR FEMME 2012,73.1
4045509,DOLPHIN WOMEN ,59.125
4040553,L'EAU THE ONE,66.64999999999999
4074507,LIGHT BLUE DREAMING IN PORTOFINO,75.25
4115429,POUR FEMME INTENSE,66.64999999999999
4048083,ROSE THE ONE,66.64999999999999
4234568,THE ONE,75.25
4086794,THE ONE DESIRE,67.725
4091972,THE ONE LACE EDITION,68.8
4122654,VELVET DESIRE,68.8
4530249,FRAGRANCE DOP 48892-EG,64.5
4536332,LIGHT BLUE ITALIAN POUR FEMME,73.1
4312038,BE DELICIOUS,66.64999999999999
4461635,BE TEMPTED,70.95
4037259,CASHMERE MIST,61.275
4900787,DONNA KARAN,47.3
4043512,DONNA KARAN BE DELICIOUS FRESH BLOSSOM,59.125
4093645,DONNA KARAN CITY,70.95
4059979,DONNA KARAN DELICIOUS CANDY APPLES JUICY BERRY,62.34999999999999
4051653,DONNA KARAN DELICIOUS CANDY APPLES-SWEET CARAMEL,73.1
4036733,DONNA KARAN DELICIOUS NIGHT,66.64999999999999
4142122,DONNA KARAN My NY,74.175
4025540,DONNA KARAN RED DELICIOUS,50.525
4066418,GOLDEN DELICIOUS,66.64999999999999
4051465,PURE DONNA KARAN,66.64999999999999
4122191,SHE WOOD,79.55
4533593,LE PARFUM ROYAL,64.5
4022650,AFTER FIVE FIFTH AVENUE,51.59999999999999
4011293,ARDENBEAUTY,45.15
4333276,GREEN TEA,62.34999999999999
4035418,GREEN TEA SUMMER,53.75
4068087,LE PARFUM,72.02499999999999
4019608,PROVOCATIVE,54.825
4031018,PROVOCATIVE INTERLUDE,50.525
4041043,RED DOOR,66.64999999999999
4056439,MISS PUCCI,68.8
4056435,ABSOLUTELY ME,66.64999999999999
4115404,BORN IN PARADISE,70.95
4095301,CHERRY IN THE AIR,73.1
4047709,DESIRE ME,69.875
4037581,ESCADA COLLECTION,60.2
4039533,ESCADA INCREDIBLE ME,68.8
4023124,ESCADA MARGARETHA LEY,59.125
4043978,ESCADA OCEAN LOUNGE,61.275
4033945,ESCADAS,52.675
4024196,ESCADASIGNATURE,55.9
4067068,ESPECIALLY,67.725
4079807,ESPECIALLY DELICATE NOTES,74.175
4335605,FIESTA CARIOCA,66.64999999999999
4015587,IBIZA HIPPIE,52.675
4027589,IN TO THE BLUE,48.375
4463851,JOYFUL,70.95
4020139,MAGNETIC BEAT,50.525
4342541,MAGNETISM,62.34999999999999
4052761,MARINA DE BOURBON GROOVE,66.64999999999999
4389677,MIAMI BLOSSOM,66.64999999999999
4024922,PASIFIC PARADISE,53.75
4020115,ROCKIN RIO,51.59999999999999
4900768,SENTIMENT,46.225
4031090,SUNSET HEAT,51.59999999999999
4060726,TAJ SUNSET,62.34999999999999
4027198,TROPICAL PUNCH,50.525
4199927,TURQUOISE SUMMER,59.125
4026455,1 LE BATELEUR,62.34999999999999
4031363,ALLIAGE,68.8
4298919,BEAUTIFUL,77.39999999999999
4017356,BEYOND PARADISE,52.675
4374454,BRONZE GODDES EAU FRAICHE 2019,68.8
4328134,BRONZE GODDESS,69.875
4025275,INTUITION,55.9
4272178,MODERN MUSE LE ROUGE,68.8
4324858,MODERN MUSE NUIT,73.1
4033034,PLEASURES EXOTIC,52.675
4011202,PLEASURES INTENSE,44.075
4405787,PRIVATE COLLECTION TUBEROSE GARDENIA,74.175
4621740,WHITE LINEN,75.25
4080702,SENSUOUS NOIR,73.1
4124060,SENSUOUS NUDE,70.95
4685620,YOUTH-DEW,86
4067814,C'EST MOI ,68.8
4068083,ETIENNE AIGNER,72.02499999999999
4031942,IN LEATHER WOMAN,50.525
4187632,STARLIGHT,69.875
4450962,DEVIL TENDER,66.64999999999999
4450928,LUST IN PARADISE,66.64999999999999
4679000,SWEET MORPHINE,74.18
4082179,FAN DI FANCFUL,64.5
4094148,FAN DI FENDI EAU FRAICHE,63.425
4083509,FAN DI FENDI EXTREME,72.02499999999999
4017381,FENDI,59.125
4039775,FENDI PALAZZO,75.25
4068084,NATURE FOR WOMEN,68.8
4096673,PASSION FOR WOMEN,69.875
4684771,IRIS POUDRE,70.95
4355373,UNE FLEUR DE CASSIE,70.95
4355374,UNE ROSE,70.95
4012909,GIORGIO,49.45
4023095,WINGS FOR WOMAN,51.59999999999999
4362129,ACQUA DI GIOIA,70.95
4089484,ACQUA DI GIOIA ESSENZA,73.1
4293312,AIR DI GIOIA,74.175
4060335,AMBRE ORIFLAMEENTAL,86
4304617,BECAUSE IT'S YOU,66.64999999999999
4033532,EMPORIFLAMEO GIORGIO ARMANI DIAMONDS,54.825
4122786,EMPORIFLAMEO GIORGIO ARMANI DIAMONDS BLACK CARAT FOR HER,73.1
4040392,EMPORIFLAMEO GIORGIO ARMANI DIAMONDS INTENSE,73.1
4014496,EMPORIFLAMEO GIORGIO ARMANI NIGHT FOR HER,46.225
4407254,EMPORIFLAMEO GIORGIO ARMANI SHE,75.25
4010054,EMPORIFLAMEO GIORGIO ARMANI WHITE,32.25
4031543,GIO,56.97499999999999
4022607,GIORGIO ARMANI CITY GLAM FOR HER,55.9
4362177,GIORGIO ARMANI CODE,64.5
4078439,GIORGIO ARMANI CODE LUNE,74.175
4190977,GIORGIO ARMANI CODE SATIN,69.875
4053013,GIORGIO ARMANI CODE SUMMER FOR WOMEN,66.64999999999999
4062091,GIORGIO ARMANI PINK,64.5
4249515,GIORGIO ARMANI PRIVE OUD ROYAL,66.64999999999999
4198604,GIORGIO ARMANI PRIVE ROSE ALEXANDRIE,70.95
4375194,GIORGIO ARMANI PRIVE ROSE D'ARABIE,75.25
4045721,IDOLE D'GIORGIO ARMANI,77.39999999999999
4364903,IN LOWE WITH YOU,74.175
4022693,MANIA,48.375
4427471,MY WAY,73.1
4042109,ONDE EXTASE,66.64999999999999
4439901,PRIVE JASMIN KUSAMONO,66.64999999999999
4011206,SENSI,50.525
4024871,SENSI WHITE NOTES,53.75
4102065,SI,70.95
4139611,SI INTENSE,66.64999999999999
4293339,SI ROSE SIGNATURE,74.175
4381866,SKY DI GIOIA,73.1
4500133,MY WAY INTENSE,74.175
4050467,ABSOLUTELY IRRESISTIBLE,63.425
4036094,AMARIAGE MARIAGE,59.125
4454806,AMARIGE,51.59999999999999
4045886,ANGE & DEMON,61.275
4047339,ANGE & DEMON LE SECRET,63.425
4058210,ANGE & DEMON LE SECRET SANTAL D'HIVER,66.64999999999999
4043952,ANGE & DEMON TENDRE ,77.39999999999999
4094810,BLOOM,66.64999999999999
4186380,DAHLIA DIVIN,73.1
4067556,DAHLIA NOIR,73.1
4021777,EAU DE GIVENCHY,53.75
4134463,EAUDEMOISELLE DE BOIS DE OUD,73.1
4007282,EXTRAVAGANCE,45.15
4015601,INTO THE BLUE,53.75
4339610,L'INTERDIT,73.1
4195575,LIVE IRRESISTIBLE,73.1
4016996,MY COUTURE,53.75
4023472,MY GIVENCHY,55.9
4017718,OBLIQUE REWIND,59.125
4013985,ONLY,54.825
4021759,ORGANZA FIRST LIGHT,55.9
4017040,ORGANZA INDECENCE,48.375
4054383,PLAY FOR HER,66.64999999999999
4058083,PLAY FOR INTENSE,66.64999999999999
4089660,PLAY IN THE CITY FOR HER,69.875
4043573,VERY IRRESISTIBLE,68.8
4362211,VERY IRRESISTIBLE 2005,69.875
4078311,VERY IRRESISTIBLE GIVENCHY ELECTRIC ROSE,74.175
4064720,VERY IRRESISTIBLE L'INTENSE,66.64999999999999
4041757,YSATIS,69.875
4527313,IRRESISTIBLE 2020,68.8
4068354,UNPREDICTABLE LADY,73.1
4040940,CABOCHARD,69.875
4024327,GRES,53.75
4150284,BAMBOO,69.875
4289038,BLOOM,73.1
4383871,BLOOM ACQUA DI FIORIFLAME,70.95
4029182,ENVY,52.675
4025886,ENVY ME 2,58.05
4043297,FLORA BY GUCCI,69.875
4094080,FLORA BY GUCCI 1966,70.95
4072132,FLORA BY GUCCI EAU FRAICHE,73.1
4085904,FLORA BY GUCCI GENEROUS VIOLET,64.5
4078146,FLORA BY GUCCI GEORGEOUS GARDENIA,69.875
4085941,FLORA BY GUCCI GLAMOROUS MAGNOLIA,68.8
4086055,FLORA BY GUCCI GLORIFLAMEOUS MANDARIN,66.64999999999999
4086454,FLORA BY GUCCI GRACIOUS TUBEROSE,68.8
4011198,GUCCI,45.15
4036502,GUCCI BY GUCCI,62.34999999999999
4082238,GUCCI PREMIERE,73.1
4055365,GUILTY,70.95
4344383,GUILTY ABSOLUTE POUR FEMME,74.175
4089231,GUILTY BLACK POUR FEMME,69.875
4067554,GUILTY INTENSE,70.95
4409475,RUSH,64.5
4107805,RUSH 2,40.85
4071468,CHAMPS ELYSEES,67.725
4461590,CUIR BELUGA,68.8
4045569,IDYLLE,77.39999999999999
4081781,LA PETITE ROBE NOIR,73.1
4119924,LA PETITE ROBE NOIRE COUTURE,77.39999999999999
4078408,LES VOYAGES OLFACTIFS 01 PARIS-MOSCOW,75.25
4015464,L'INSTANT DE GUERLAIN,51.59999999999999
4033778,L'INSTANT MAGIC,52.675
4057135,L'INSTANT MAGIC ELIXIR,73.1
4355366,MON FLORALE,73.1
4293327,MON GUERLAIN,64.5
4055778,SAMSARA,83.85
4016276,SHALIMAR,74.175
4071726,SHALIMAR PARFUM INITIAL,74.175
4014494,WITH LOWE,45.15
4485896,MON BLOOM OF ROSE,73.1
4543423,AQUA ALLEGORIA MANDARINE BASILIC,66.64999999999999
4027206,GUESS FOR WOMAN,48.375
4031719,GUESS GOLD,52.675
4070408,GUESS SEDUCTIVE,66.64999999999999
4034440,FIDGI,54.825
4010405,J'AI OSE,79.55
4087103,"24, FAUBOURG",64.5
4016277,CALECHE,58.05
4259173,EAU DE MERVEILLES,66.64999999999999
4060175,ELIXIR DES MERVEILLES,69.875
4281584,GALOP D'HERMES,68.8
4024923,HERMES UN DE JARDIN SUR LE NIL,55.9
4089242,JOUR D'HERMES,68.8
4035729,KELLY CALECHE,75.25
4302637,TWILLY D'HERMES,64.5
4422400,BOSS ALIVE,66.64999999999999
4285216,BOSS ESSENCE DE FEMME,74.175
4234566,BOSS FEMME,73.1
4014249,BOSS INTENSE,45.15
4099599,BOSS JOUR POUR FEMME,73.1
4130508,BOSS MA VIE POUR FEMME,68.8
4044911,BOSS ORANGE,61.275
4252328,BOSS THE SCENT FOR HER,55.9
4900769,BOSS WOMAN,47.3
4199924,HUGO BOSS WOMAN EAU DE PARFUM,68.8
4086210,HUGO BOSS WOMEN,56.97499999999999
4082822,NUIT POUR FEMME,73.1
4024308,PURE PURPLE,48.375
4323345,THE SCENT FOR HER PARFUM EDITION,66.64999999999999
4034100,XX WOMAN,60.2
4028921,CALDION NIGHT FOR WOMEN,49.45
4065745,IS COOL,75.25
4026099,ICELAND,54.825
4025274,ICELAND TWICE,49.45
4047389,A SCENT BY ASSOS,70.95
4064591,L'EAU DISSEY FLORALE,69.875
4412077,L'EAU D'ISSEY FOR WOMAN,64.5
4293315,L'EAU D'ISSEY PURE,69.875
4346493,L'EAU D'ISSEY PURE NECTAR,66.64999999999999
4088335,PLEATS PLEASE,68.8
4099590,PLEATS PLEASE EAU DE PARFUM 2013,69.875
4278222,CLASSIQUE ESSENCE DE PARFUM,68.8
4137142,CLASSIQUE INTENSE,70.95
4010250,FRAGILE,52.675
4442862,J.P. GAULTIER,64.5
4039574,J.P. GAULTIER MA DAME,66.64999999999999
4297868,SCANDAL,73.1
4052701,DESEO,69.875
4033718,GLOW AFTER DARK BY JLO,51.59999999999999
4023458,LIVE,51.59999999999999
4066831,LOWE & GLAMOUR,66.64999999999999
4021798,MIAMI GLOW,46.225
4055819,FANCY,63.425
4025154,ALOWEEN,52.675
4049673,JIL,67.725
4331469,JIL SANDER NO.4,73.1
4058704,SENSATIONS,48.375
4033128,SPORT FOR WOMEN,50.525
4333277,SUN,62.34999999999999
4065456,JIMMY CHOO,68.8
4085126,BLACKBERRY & BAY,68.8
4096580,NECTARINE BLOSSOM & HONEY,72.02499999999999
4514197,JASMINE SAMBAC & MARIGOLD,74.175
4079798,PARLES MOI D'AMOUR FRAICHE,66.64999999999999
4059099,JOHN VARVATOS,64.5
4022601,JETTE,54.825
4101133,JOOP! BERLIN,82.77499999999999
4046384,JOOP! FEMME,64.5
4015746,JOOP! MUSE,52.675
4078403,LE BAIN,73.1
4078466,THRILL FOR WOMEN,63.425
4361921,MIDNIGHT OUD,69.875
4360820,NOT A PERFUME WOMEN,68.8
4533586,SUNNY SIDE UP,73.1
4100552,GIRLFRIEND,66.64999999999999
4122599,SOMEDAY,69.875
4072106,VIVA LA JUICY,53.75
4062559,10:10 AM IN SICILIA,64.5
4005724,CA SENT BEAU,52.675
4094988,COULEUR KENZO ROSE-PINK,73.1
4285432,FLOWER BY KENZO,64.5
4271474,FLOWER BY KENZO L'ELIXIR,74.175
4025037,FLOWER BY KENZO ORIFLAMEENTAL,61.275
4117174,FLOWER IN THE AIR,73.1
4070389,FLOWER TAG,73.1
4071470,KENZO AMOUR,67.725
4091792,KENZO AMOUR I LOWE YOU,63.425
4053966,KENZO FEMME,72.02499999999999
4081472,KENZO MADLY,68.8
4077556,L'EAU 2 KENZO POUR FEMME,75.25
4010549,L'EAU PAR KENZO,43
4049671,L'EAU PAR KENZO EAU INDIGO FEMME,65.575
4022845,PARFUM D'ETE,51.59999999999999
4021983,SUMMER BY KENZO,51.59999999999999
4488988,WORLD POWER,66.64999999999999
4056450,KIM KARDASHIAN,67.725
4087171,EAU DE LACOSTE,72.02499999999999
4049394,FEMME DE LACOSTE (VOYAGE),80.625
4027147,INSPIRATION,53.75
4038229,LACOSTE DREAM OF PINK,63.425
4060209,LACOSTE JOY OF PINK,64.5
4244040,LACOSTE L.12.12 POUR ELLE ELEGHANA,66.64999999999999
4244039,LACOSTE L.12.12 POUR ELLE NATURAL,66.64999999999999
4244041,LACOSTE L.12.12 POUR ELLE SPARKLING,73.1
4044000,LACOSTE LOWE OF PINK,62.34999999999999
4325473,LACOSTE POUR FEMME,59.125
4279746,LACOSTE TOUCH OF PINK,66.64999999999999
4030506,LACOSTE TOUCH OF SPRING,52.675
4025001,LACOSTE TOUCH OF SUN,54.825
4082826,FAME (BLACK FLUID),73.1
4900371,"SUN, MOON & STARS",38.7
4685625,AMETHYST,66.65
4051298,ENCRE NOIRE POUR ELLE,75.25
4262635,L'AMOUR,64.5
4096567,PERLES DE LALIQUE,69.875
4461599,ROSE ROYALE,73.1
4016258,AROMA FIT,53.75
4026351,AROMATONIC,52.675
4034455,BENGHAL,52.675
4007231,CLIMAT,52.675
4018298,CONNEXION,62.34999999999999
4070597,HYPNOSE,69.875
4047481,HYPNOSE SENSES,72.02499999999999
4142681,LA NUIT TRESOR,67.725
4235483,LA VIE EST BELLE,83.85
4293313,LA VIE EST BELLE FLORALE,72.02499999999999
4038773,LANCOME CYCLADES,59.125
4039741,LANCOME MAGNIFIQUE,77.39999999999999
4189758,MIRACLE,75.25
4037357,MIRANDAEAU LEGERE,60.2
4027902,MIRANDAFOREVER,68.8
4020119,MIRANDASO MAGIC,51.59999999999999
4025038,MIRANDAULTRA PINK,59.125
4059415,O D'AZUR,67.725
4016322,O DE LANCOME,54.825
4020955,OUI,53.75
4007222,TRESOR,45.15
4342536,TRESOR IN LOWE,64.5
4069773,TRESOR MIDNIGHT ROSE,70.95
4149751,TRESOR MIDNIGHT ROSE ELIXIR D'ORIFLAMEENT,69.875
4069739,ECLAT D'ARPEGE,66.64999999999999
4040769,JEANNE,69.875
4090806,LANVIN ME,70.95
4041042,OXYGEN,63.425
4015650,EMOTION,48.375
4020492,LAURA,49.45
4900136,ROMA FEMME,45.15
4011294,TEMPORE DONNA,48.375
4900109,VENEZIA,26.875
4019380,BORA BORA,47.3
4087698,L'EAU EN BLANC,68.8
4304406,LOLITA LEMPICKA,70.95
4027469,LOLITA LEMPICKA L,50.525
4048451,SI LOLITA,65.575
4291572,APOGEE,74.175
4460922,ATTRAPE-REVES,74.175
4685051,CONTRE MOI,74.18
4291543,DANS LA PEAU,91.375
4291544,MATIERE NOIRE,74.175
4291571,MILLE FEUX,74.175
4291546,TURBULENCES,91.375
4533759,SPELL ON YOU,69.875
4533780,LE JASMINE,77.39999999999999
4537984,ROSE DES VENTS,73.1
4066484,I LOWE YOU TONIGHT,66.64999999999999
4460955,PLATINUM LOWE,74.175
4067625,"QUIZAS,QUIZAS,QUIZAS",68.8
4070080,"QUIZAS,QUIZAS,QUIZAS PASION",66.64999999999999
4256074,ROYAL MUSKA,74.175
4533763,REPLICA COLLECTION LIPSTICK ON,73.1
4479594,RED TOBACCO,74.175
4302360,DAISY,66.64999999999999
4121759,DAISY DELIGHT,77.39999999999999
4191735,DAISY DREAM,72.02499999999999
4064589,DAISY EAU SO FRESH,67.725
4248353,DECADENCE,74.175
4084580,DOT,69.875
4071467,LOLA,66.64999999999999
4024293,MARC JACOBS,55.9
4115373,MARC JACOBS HONEY,69.875
4049150,LUSCIOUS PINK,69.875
4048986,M GOLD DELUXE EDITION,77.39999999999999
4051585,M MARIAH CAREY,68.8
4027659,MARBON,54.825
4533610,PETRA,74.175
4061535,MAUBOUSSIN WOMAN,65.575
4036542,SILK TOUCH,55.9
4118225,GLAM JASMINE,73.1
4053856,MICHAEL,68.8
4104593,SEXY AMBER,73.1
4199922,SEXY RIO DE JANEIRO,66.64999999999999
4148186,SPORTY CITRUS,75.25
4533634,GORGEOUS,68.8
4323954,MIU MIU,73.1
4344205,DIAMOND FLOWERS ,74.175
4344203,DIAMOND GREEDY,74.175
4343705,DIAMOND ROSE ,68.8
4244465,INTENSE ROSES MUSK,75.25
4122297,ROSES MUSK,81.7
4533606,CRAZY IN LOVE,74.175
4017940,MONTANA PARFUM DE PEAU,62.34999999999999
4030875,FEMME DE MONTBLANC,58.05
4047980,FEMME INDIVIDUETLE,66.64999999999999
4009580,CHEAP & CHIC,49.45
4083607,CHEAP & CHIC HIPPY FIZZ,69.875
4046231,CHEAP & CHIC LIGHT CLOUDS,51.59999999999999
4099678,CHEAP&CHIC CHIC PETALS,75.25
4249505,FRESH COUTURE,60.2
4344384,GOLD FRESH COUTURE,64.5
4675436,DECADENCE,64.5
4020957,L'EAU CHEAP & CHIC,55.9
4026700,MOSCHINO COUTURE,53.75
4027214,OH! DE MOSCHINO,52.675
4082542,CAT DELUXE AT NIGHT,69.875
4011201,NAO MAGIC,41.925
4017219,NAOMI CAMPELL,50.525
4198832,AMBER MUSC,70.95
4293513,FLEUR MUSC FOR HER,66.64999999999999
4059153,FOR HER MUSC COLLECTION,63.425
4114786,FOR HER MUSC COLLECTION EAU DE PARFUM INTENSE,70.95
4143655,NARCISO,73.1
4260696,NARCISO POUDREE,74.175
4367526,PURE MUSC FOR HER,66.64999999999999
4336189,ROUGE,74.175
4252452,NARCOTIC VENÜS,73.1
4461596,PINK FRIDAY,68.8
4460917,ANGELYS PEAR,66.64999999999999
4060099,L'AIR DU TEMPS,62.34999999999999
4052757,LE PARADIS DE NINA,67.725
4016636,LES BELLES de RICCO:Liberte Acidulee,53.75
4070607,LOWE IN PARIS,68.8
4082222,MADEMOISELLE RICCO,69.875
4027033,NINA ,55.9
4027867,NINA 2006,54.825
4100337,NINA L'EAU,75.25
4055101,NINA L'ELIXIR,62.34999999999999
4061800,PREMIER JOUR,65.575
4023548,PREMIER JOUR LUCKY DAY,47.3
4036863,PRETTY NINA,59.125
4045834,RICCO RICCO,61.275
4105296,OUR MOMENT,64.5
4086851,AMBER ELIXIR,73.1
4125150,GRACE,73.1
4060848,ORIFLAME DIVINE,65.575
4064913,ORIFLAME DIVINE SENSUAL,68.8
4261045,POSSESS,62.34999999999999
4900268,VOLUPTE,30.1
4075643,BLACK XS L'EXCES FOR HER,69.875
4061002,BLACK XS POUR ELLE,64.5
4621431,LADY MILLION,69.875
4141660,LADY MILLION EAU My GOLD!,74.175
4293319,LADY MILLION PRIVE,74.175
4198971,OLYMPEA,69.875
4293316,OLYMPEA AQUA,62.34999999999999
4374456,OLYMPEA LEGEND,73.1
4050080,PACO RABANNE POUR ELLE,69.875
4426716,PURE XS FOR HER,74.175
4041995,ULTRARED,72.02499999999999
4409598,ULTRAVIOLET,66.64999999999999
4007610,XS POUR ELLE,50.525
4527307,OLYMPEA SOLAR,64.5
4533651,FAME,74.175
4023099,PALOMA PICASSO,66.64999999999999
4251686,ATHALIA,75.25
4360330,DELINA,74.175
4256075,SAFANAD,69.875
4467457,DELINA EXCLUSIF,74.175
4534044,ORIANA,66.64999999999999
4049348,CAN CAN,63.425
4027662,PARIS HILTON,50.525
4338483,HALFETI,75.25
4359285,THE COVETED DUCHESS ROSE,73.1
4478607,THE REVENGE OF LADY BLANCHE,69.875
4480249,CHANGING CONSTANCE,73.1
4011933,BALMYA,51.59999999999999
4105103,INFUSION D'IRIS,66.64999999999999
4086265,L'EAU AMBREE,64.5
4021909,PRADA,64.5
4328013,PRADA CANDY,69.875
4126157,PRADA CANDY FLORALE,68.8
4091476,PRADA CANDY L'EAU ,67.725
4684825,PRADA LA FEMME,69.88
4010251,GLAMOUROUS,55.9
4046696,NOTORIFLAMEOUS,66.64999999999999
4900520,POLO SPORT WOMAN,40.85
4301139,RALPH,64.5
4020829,RALPH COOL,54.825
4028825,RALPH HOT,51.59999999999999
4036442,ROMANCE,59.125
4023093,SAFARI FEMME,54.825
4042434,RASASI BLUE LADY,48.375
4042440,RASASI EMOTION POUR FEMME,64.5
4344311,RUMZ AL POUR ELLE ZEBRA,74.175
4013983,CHARLIE,51.59999999999999
4117175,EXOTICA,73.1
4375197,FLORENCE,69.875
4115363,NERO ASSOLUTO,73.1
4195576,OUD AL QASR INTENSE,73.1
4031016,ROBERTO CAVALLI,56.97499999999999
4090805,ROBERTO CAVALLI ACQUA,73.1
4078875,ROBERTO CAVALLI EAU DE PARFUM,73.1
4005789,ALCHIMIE,40.85
4028793,AQUA WOMAN,53.75
4033732,DESIR POUR FEMME,52.675
4016308,EAU DE ROCHAS,61.275
4016323,FEMME,56.97499999999999
4025002,LUMIERE,51.59999999999999
4684805,MADAME ROCCA,62.35
4015747,POUPEE,53.75
4010964,ROCHAS,51.59999999999999
4133724,SECRET DE ROCHAS,73.1
4016202,TOCADE,56.97499999999999
4017934,DALIFLOR,52.675
4900732,DALISSIME,47.3
4061730,RUBY LIPS,68.8
4010775,SALVADOR DALI,53.75
4368618,AMO,70.95
4091791,ATTIMO,73.1
4064578,INCANTO BLOOM,66.64999999999999
4030584,INCANTO CHARMS,48.375
4029372,INCANTO DREAMS,49.45
4273703,SIGNORIFLAMEA,68.8
4005721,FERGAMO,37.625
4022602,LOWELY,54.825
4062609,SARAH JESSICA PARKER NYC,64.5
4027035,GHOST WOMAN,51.59999999999999
4027418,O ZONE WOMAN,49.45
4028983,SERGIO TACCHINI,53.75
4012724,SERGIO TACCHINI DONNA,40.85
4056849,ENERGIZING FRAGRANCE EAU AROMATIQUE,64.5
4100633,ZEN SECRET BLOOM,61.275
4096655,ZEN SUN,67.725
4095373,ZEN WHITE HEAT EDITION,69.875
4530008,GINZA,69.875
4107963,EAU DU SOIR 1990 (HUBERT ISABELLE D'ORNANO),77.39999999999999
4089239,SOIR DE LUNE,77.39999999999999
4522249,SOIR D' ORIENT,73.1
4533636,IZIA LA NUIT,68.8
4234442,ACCENTO,91.375
4452183,WARDASINA,75.25
4030803,DUPONT POUR FEMME,68.8
4033189,L'EAU,54.825
4026968,STELLA MCCARTNEY,48.375
4046837,STELLA NUDE,66.64999999999999
4675408,KRISTINA,74.18
4678007,LAPIDUS WOMAN,38
4362124,ALIEN,80.625
4142725,ALIEN EAU EXTRAORDINAIRE,73.1
4083080,ALIEN ESSENCE ABSOLUE,74.175
4389060,ALIEN FUSION,67.725
4262585,ALIEN OUD MAJESTUEUX,73.1
4456660,ANGEL,73.1
4069805,ANGEL EAU DE TOILETTE 2011,73.1
4020118,ANGEL LILY,64.5
4260698,ANGEL MUSE,74.175
4679909,ANGEL NOVA,66.65
4040549,INNOCENT,64.5
4100741,VIOLET ANGEL,83.85
4055056,WOMANITY,62.34999999999999
4490249,ALIEN GODDESS,68.8
4426825,CASANOVA,68.8
4533588,ROSSO POMPEI,77.39999999999999
4268778,AMBER ABSOLUTE,88.14999999999999
4057339,ARABIAN WOOD,63.425
4443405,BITTER PEACH,74.175
4052801,BOIS MAROCAIN,77.39999999999999
4058710,BOIS ROUGE,66.64999999999999
4050396,CHAMPACA ABSOLUTE,73.1
4101659,JASMIN ROUGE,70.95
4367017,JASMINE MUSK,66.64999999999999
4423994,METALLIQUE,75.25
4057500,MUSK PURE,66.64999999999999
4083610,NEROLI PORTOFINO,69.875
4236864,NOIR DE NOIR,70.95
4192030,NOIR POUR FEMME,73.1
4404495,ORCHID SOLEIL,64.5
4684770,PLUM JAPONAIS,74.18
4054479,PURPLE PATCHOULI,82.77499999999999
4115080,SAHARA NOIR,73.1
4238299,TOM FORD BLACK ORCHID,80.625
4057093,URBAN MUSK,69.875
4115082,VELVET ORCHID,73.1
4376083,VELVET ORCHID LUMIERE,64.5
4067427,VIOLET BLONDE,67.725
4052707,WHITE PATCHOULI,80.625
4529041,ROSE D'AMALFI,69.875
4530012,ROSE DE RUSSIE,70.95
4036540,DREAMING,65.575
4012726,FREEDOM,51.59999999999999
4056874,LOUD FOR HER,66.64999999999999
4011208,T GIRL,40.85
4046485,TOMMY GIRL,62.34999999999999
4069770,TOMMY GIRL EAU DE PREP,66.64999999999999
4042790,TOUS IN HEAVEN FOR HER,66.64999999999999
4125347,TOUS SENSUAL TOUCH,62.34999999999999
4126218,TOUS TOUCH,64.5
4120935,DONNA TRUSSARDI 2011,73.1
4260697,SKIN,58.05
4033780,ROCK'N ROSE,52.675
4069772,VALENTINO,73.1
4023839,VALENTINO ABSOLU,53.75
4249503,VALENTINO ASSOLUTO,80.625
4242126,VALENTINO DONNA,73.1
4250729,VALENTINO PINK,73.1
4031017,VALENTINO V ETE,53.75
4013521,VERY VALENTINO,40.85
4533637,VOCE VIVA INTENSA,68.8
4237281,COLLECTION EXTRAORDINAIRE PRECIOUS OUD,70.95
4047317,FIRST  ,52.675
4461632,REVE,69.875
4324077,BRIGHT CRYSTAL,64.5
4117509,BRIGHT CRYSTAL ABSOLU,77.39999999999999
4407253,CRYSTAL NOIR,75.25
4405789,DYLAN BLUE POUR FEMME ,66.64999999999999
4189817,EROS POUR FEMME,66.64999999999999
4014287,JEANS COUTURE,48.375
4055399,RED JEANS,61.275
4059812,VANITAS,62.34999999999999
4034353,VERSACE,53.75
4047652,VERSACE VERSENSE,62.34999999999999
4018463,VERSACE WOMAN,49.45
4052705,VERSUS,77.39999999999999
4034339,WHITE JEANS,53.75
4066667,YELLOW DIAMOND,66.64999999999999
4034337,YELLOW JEANS,51.59999999999999
4115405,BOMBSHELLS IN BLOOM,68.8
4256079,FEARLESS,59.125
4115374,FORBIDDEN,70.95
4087930,INCREDIBLE,67.725
4087700,LOWE IS HEAVENLY,68.8
4409478,NIGHT,64.5
4096868,SEDUCTION DARK ORCHID,63.425
4091672,SEXY LITTLE THINGS-NOIR TEASE,66.64999999999999
4072899,VERY SEXY,66.64999999999999
4293333,VERY SEXY NOW 2017,62.34999999999999
4461616,VERY SEXY ORCHIDE,74.175
4312037,WICKED EAU DE PARFUME,64.5
4293317,XO VICTORIFLAMEA,59.125
4521722,VERY SEXY 2018,66.64999999999999
4121760,BONBON,69.875
4053734,EAU MEGA,69.875
4188577,FLOWERBOMB,69.875
4064575,FLOWERBOMB LA VIE EN ROSE,64.5
4446661,LA TOUS,74.175
4499938,CASAMORATI 1888 BOUQUET IDEALE,69.875
4032333,YOHJI ESSENTIAL,53.75
4044422,YOHJI YAMAMOTO POUR FEMME,64.5
4533638,BLACK OPIUM ILLICIT GREEN,64.5
4107004,COMME UNE EVIDENCE L'EAU DE PARFUM INTENSE,73.1
4068697,COMMES UNE EVIDENCE,72.02499999999999
4070095,TENDRE JASMIN,74.175
4900572,BABY DOLL,43
4054224,BELLE D'OPIUM,69.875
4138908,BLACK OPIUM,72.02499999999999
4355377,CAFTAN,73.1
4018277,CINEMA,55.9
4035109,ELLE,53.75
4015409,IN LOWE AGAIN,48.375
4391062,LIBRE WOMEN,66.64999999999999
4438164,LIBRE WOMEN INTENSE,64.5
4461589,MAGNIFICENT GOLD,66.64999999999999
4096515,MANIFESTO,67.725
4255226,MON PARIS,68.8
4435807,MON PARIS INTENSEMENT,74.175
4342674,OPIUM,74.175
4339616,PARIS,64.5
4080685,PARIS PREMIERES ROSES 2012,64.5
4046845,PARISIENNE,62.34999999999999
4040945,RIVE GAUCHE,67.725
4066789,SAHARIENNE,68.8
4199926,SUPREME BOUQUET,64.5
4094067,YOUNG SEXY LOWELY,67.725
4503873,BLACK OPIUM EAU DE EXTREME,74.175
4389484,GIRLS CAN DO ANYTHING,73.1
4392057,GIRLS CAN SAY ANYTHING,70.95
4370836,JUSTIN BIBER ROCK FOR HER,70.95
4314396,THIS IS HER,69.875
4364898,TUBEROSE,69.875
4533640,GOLDEN DECADE,66.64999999999999
4319691,,68.8
4472996,GOURMAND ADDICT,69.875
4551147,BLOOM AMBROSIA DI FIORI,75.25
4551138,LE PARFUM ROSE COUTURE,69.875
4552349,L'INTERDIT ROUGE,73.1
4551086,BORN IN ROMA CORAL FANTASY,68.8
4552726,IDOLE NECTAR,64.5
4552722,MUSC NOIR FOR HER,74.175
4551746,PARADOXE,66.64999999999999
4551421,SIGNATURE WOMEN,64.5
4603486,WHITE DIAMONDS,59.125
4604627,L'INTERDIT INTENSE,70.95
4604625,PARADISE FOUND,70.95
4552164,OUI LA VIE EST BELLE,66.64999999999999
4607123,OUI LAVIE EST BELLE,66.64999999999999
4608189,SYCOMORE,82.77499999999999
4610344,POUR FEMME EDP MONCLER,64.5
4611267,GOOD FORTUNE,70.95
4611266,WILD CANDY,66.64999999999999
4611515,HER ELIXIR DE PARFUM,64.5
4612114,BOSS THE SCENT FOR HER MAGNETIC,69.875
4613070,GOOD GIRL BLUSH,69.875
4613291,ENGLISH PEAR & FREESIA,64.5
4617066,SCANDAL LE PARFUM,66.64999999999999
4618677,SANTORINI SUNRISE,66.64999999999999
4621429,MARRY ME,59.125
4621445,BY Q,66.64999999999999
4623238,FOR HER FOREVER,70.95
4622469,ALWAYS RED,64.5
4622462,LOVERDOSE RED KISS,64.5
4622302,SI FIORI,64.5
4623688,VALAYA,83.85
4624247,GAULTIER DIVINE,69.875
4624510,SIGNORINA LIBERA,59.125
4625458,J'ADORE L'OR 2023,74.175
4625267,ONE MILLION ROYAL,70.95
4626153,GODDESS,64.5
4626616,PARADOXE INTENSE,70.95
4627568,ALL OF ME,74.175
4024462,OMNIA CRYSTALLINE,51.59999999999999
4086812,CAROLINA HERRERA CH,68.8
4630351,PARADISO,64.5
4632719,YLANG 49,67.725
4635289,COCO MADEMOISELLE INTENSE,73.1
4635290,MUSC NOIR ROSE FOR HER,68.8
4635340,AQUA ALLEGORIA NETTAR DI SOLE,64.5
4635342,VOL DE NUIT,66.64999999999999
4635345,BOMBSHELL CELEBRATION,64.5
4635999,I WANT CHO FOREVER,66.64999999999999
4635997,POUR FEMME DYLAN TURQUOISE,67.725
4635995,LADY MILLION EMPIRE,66.64999999999999
4635993,LADY MILLION FABULOUS,66.64999999999999
4635991,LIBRE L'ABSOLU PLATINE,66.64999999999999
4639216,NECTAR LOVE,62.34999999999999
4638787,COUER BATTANT,66.64999999999999
4638741,IMPERIAL EMERALD,74.175
4640097,TWILLY EAU POIVREE,66.64999999999999
4640116,FORBIDDEN GAMES,66.64999999999999
4640114,TUBEROSE ANGELICA,66.64999999999999
4642855,FOR HIM VETIVER MUSC,70.95
4643177,NOMADE NUIT D'EGYPTE,66.64999999999999
4649183,MY WAY NECTAR,64.5
4649397,BOMBSHELL ISLE,70.95
4649377,EVE PRIVE,70.95
4649383,FLOWERBOMB TIGER LILY,64.5
4650095,L'INTERDIT ROUGE ULTIME,69.875
4650103,CARMINA,64.5
4651177,QUEEN OF SILK,77.39999999999999
4651187,LIBRE LE PARFUM,64.5
4651180,LADY MILLION ROYAL,66.64999999999999
4651988,COSMIC,66.64999999999999
4651999,VANILLA CANDY ROCK SUGAR 42,64.5
4654896,GOOD GIRL BLUSH ELIXIR,64.5
4654891,DAISY WILD,62.34999999999999
4654880,MISS DIOR PARFUM 2024,62.34999999999999
4659539,BARENIA,69.875
4660599,IRRESTIBLE VERY FLORAL,66.64999999999999
4661828,SWEET LIKE CANDY,68.8
4666438,POUR FEMME,66.64999999999999
4668666,PUTAIN DES PALACES,66.64999999999999
4673466,OCEAN DI GIOIA,68.8
4673518,THE SCENT ELIXIR FOR HER,67.725
4673510,ECLAIRE,59.125
4673506,MILLION GOLD WOMEN,67.725
4673504,LA BELLE LE PARFUM,69.875
4673542,ATTRAPE-REVES,77.39999999999999
4673912,LA VIE BELLE ROSE EXTRAORDINAIRE,59.125
4673909,JUNGLE W (ELEPHANT),68.8
4673902,JUNGLE LE TIGRE,67.725
4673885,BOMBSHELL ESCAPE,51.59999999999999
4673920,PARADOXE VIRTUAL FLOWER,64.5
4675049,LOU LOU BLUE,67.725
4674321,KENZO JUNGLE,105.35
4651429,MODERN MUSE,73.1
4651439,EDEN,52.675
4651470,UN AIR D'ESCAPADE,70.95
4651458,SO SCANDAL,69.875
4651468,MIDNIGHT SHIMMER,68.8
4651545,LA BELLE WOMEN,69.875
4651450,LOVE CHLOE,101.05
4651448,DIOR ADDICT 2,62.34999999999999
4652294,LIGHT BLUE,66.64999999999999
4652361,PUR DESIR DE LILAS,77.39999999999999
4652362,IDOLE LE PARFUM,70.95
4652913,DARK PURPLE,73.1
4652909,SI PASSIONE,73.1
4653270,DIOR ADDICT,74.175
4653785,LOST CHERRY,68.8
4654037,MAGIE NOIRE,63.425
4654040,NARCISSIZM FOR HER,74.175
4653997,CLIMAT,64.5
4656184,SIMPLY BECAUSE FOR HER,62.34999999999999
4672473,ESTEE,59.125
4672475,FRANC OLIVER,47.3
4676045,DONNA PINK MARINA,64.5
4676046,LA VIE EST BELLE L'ELIXIR,64.5
4676820,EAU GOURMANDE AMBRE VANILLE,64.5
4676825,EDEN JUICY APPLE 01,66.64999999999999
4685005,PORTRAYAL WOMEN,70
4684708,LOVE DELIGHT,75
4685403,TENDER POISON,53.75
4685480,POEME,55.9
4694188,DONNA BORN IN ROMA WOMEN,65
4694187,BLACK OPIUM EAU DE PARFUM GLITTER,64
4693348,MISS DIOR LE PARFUM,69
4693117,CITY OF STARS,66
4694621,LA VIE EST BELLE VANILLE NUDE,68
4694651,LA BOMBA,64
4086262,FIERCE,72.02499999999999
4279748,COLONIA LEATHER EAU DE COLOGNE CONCENTREE,75.25
4040351,VICTOR & ROLF LEAGUE,59.125
4122422,AMOUAGE JUBILATION XXV,78.475
4128366,EPIC,80.625
4149752,FATE FOR MEN,80.625
4256128,HONOUR MAN,74.175
4285942,INTERLUDE MAN,74.175
4285935,JOURNEY MAN,73.1
4060118,MAMUTIR MAN,68.8
4256078,ANGEL SCHLESSER HOMME ORIENTAL EDITION,74.175
4054082,BLUE SEDUCTION MAN,68.8
4011203,QUORUM MEN,69.875
4347493,AREMY MARQUIS,77.39999999999999
4302766,AREMY MARQUIS 900,77.39999999999999
4014587,DEVIN,54.825
4038949,HAVANA,67.725
4009883,NEW WEST FOR HIM,68.8
4025873,ARMAND BASI HOMME,52.675
4025868,IN BLUE,56.97499999999999
4329342,ACQUA DI GIO ABSOLU,77.39999999999999
4080534,ACQUA DI GIO ESSENZA FOR MEN,73.1
4086264,ACQUA DI GIO POUR HOMME,66.64999999999999
4438184,ACQUA DI GIO PROFONDO,69.875
4142962,ACQUA DI GIO PROFUMO,74.175
4039405,ARMANI BLACK CODE,69.875
4023460,ARMANI CITY GLAM FOR HIM,53.75
4237555,ARMANI CODE PROFUMO,75.25
4063109,ARMANI CODE SPORT,70.95
4078885,ARMANI CODE SPORT ATHLETE,75.25
4082442,ARMANI CODE ULTIMATE,77.39999999999999
4045963,ARMANI EAU POUR HOMME,65.575
4009582,ARMANI MANIA POUR HOMME,48.375
4032588,ATTITUDE,52.675
4052848,ATTITUDE,64.5
4057312,ATTITUDE EXTREME ,65.575
4293325,CODE COLONIA,73.1
4254157,EAU D'AROMES,74.175
4273704,EMPORIO ARMANI DIAMONDS BLACK CARAT FOR HIM,68.8
4039773,EMPORIO ARMANI DIAMONDS FOR MEN,75.25
4362033,EMPORIO ARMANI HE,67.725
4014495,EMPORIO ARMANI NIGHT FOR HIM,48.375
4028019,EMPORIO ARMANI REMIX HE,56.97499999999999
4900832,EMPORIO ARMANI WHITE,51.59999999999999
4427463,PRIVE CUIR ZERZURA,73.1
4289925,STRONGER WITH YOU,74.175
4510698,EAU DE CEDRE,74.175
4530014, CODE ICE,68.8
4541267,MAGENTA TANZANITE,72.02499999999999
4037468,BLACK SUEDE TOUCH,55.9
4049248,CHRISTMAS LINA NOIR,65.575
4091883,CITY RUSH FOR HIM,62.34999999999999
4081041,INDIVIDUAL BLUE FOR HIM,66.64999999999999
4081470,INFINITE MOMENT FOR HIM,67.725
4050297,PERCEIVE FOR MEN,73.1
4037039,TOMORROW FOR HIM,59.125
4081471,TRUE FORCE,66.64999999999999
4091884,WINDSCAPE FOR HIM,62.34999999999999
4031399,AZZARO NOW MEN,54.825
4319412,AZZARO POUR HOMME,70.95
4342538,CHROME,68.8
4080429,CHROME SPORT,69.875
4114787,CHROME UNITED,70.95
4067552,DECIBEL,66.64999999999999
4067040,DUO MEN,67.725
4067438,ELIXIR POUR HOMME,73.1
4142229,NIGHT TIME POUR HOMME,73.1
4012007,PURE VETIVER,55.9
4050312,TWIN MEN,73.1
4014586,VISIT FOR MEN,50.525
4260229,WANTED,73.1
4533589,CHROME EXTREME,73.1
4533624,MOST WANTED,66.64999999999999
4031235,BALDESSARINI AMBRE,53.75
4071891,DEL MAR CARIBBEAN EDITION,69.875
4066311,PRIVATE AFFAIRS,68.8
4058037,BALDININI MAN,59.125
4009877,CRISTOBAL POUR HOMME,53.75
4038952,BENETTON,62.34999999999999
4020954,MICHAEL JORDAN,53.75
4040191,BOGART,75.25
4342535,SILVER SCENT,70.95
4533578,SCENT OF PEACE FOR HIM,70.95
4011195,BOUCHERON POUR HOMME,60.2
4106120,BRIT RHYTHM,73.1
4020117,BURBERRY BRIT FOR MEN,47.3
4053479,BURBERRY SPORT FOR MEN,67.725
4043447,BURBERRY SUMMER,55.9
4453754,BURBERRY TOUCH FOR MEN,74.175
4320448,MR.BURBERRY,70.95
4043465,THE BEAT FOR MEN,66.64999999999999
4900580,WEEKEND FOR MEN,47.3
4490243,HERO,73.1
4127472,AQVA APARFUMS DE MARLY,74.175
4358091,AQVA POUR HOMME,69.875
4281783,AQVA POUR HOMME ATLANTIQVE,75.25
4044095,AQVA POUR HOMME MARINE,65.575
4342539,BLV POUR HOMME,70.95
4048115,BVLGARI BLACK UNISEX,51.59999999999999
4056138,BVLGARI MAN,74.175
4282509,BVLGARI MAN BLACK ORIENT,75.25
4131570,BVLGARI MAN IN BLACK,74.175
4360809,BVLGARI MAN WOOD ESSENCE,69.875
4027148,BVLGARI POUR HOMME SOIR,52.675
4023224,EAU PARFUMEE AU THE VERT EXTREME,55.9
4303794,GYAN LE GEMME,80.625
4460938,KOBRAA LE GEMME,75.25
4461600,LE GEMME YASEP,73.1
4435197,MAN GLACIAL ESSENCE,77.39999999999999
4368611,TYGAR LE GEMME,75.25
4499935,BVLGARI MAN TERRAE ESSENCE,74.175
4533644,LE GEMME ONEKH,74.175
4534050,LE GEMME AMBERO,74.175
4354472,PEARL OUD,75.25
4069277,STRAIGHT TO HEAVEN (WHITE CRISTAL),73.1
4026396,AMOR POUR HOMME,59.125
4045574,AMOR POUR HOMME SUNSHINE,66.64999999999999
4042662,AMOR POUR HOMME TENTATION ,69.875
4333669,NEMO,59.125
4009876,C.K. BE,43
4034141,CALVIN KLEIN MEN,52.675
4046624,CK FREE FOR MEN,63.425
4030774,CK IN2U HIM,58.05
4028369,CK ONE ELECTRIC,47.3
4023480,CK SUMMER UNISEX,61.275
4900579,CONTRADICTION FOR MEN,40.85
4011196,CRAVE,56.97499999999999
4079551,ENCOUNTER,74.175
4026541,ESCAPE FOR MEN,58.05
4036824,ETERNITY,58.05
4051654,ETERNITY AQUA FOR MEN,72.02499999999999
4456640,ETERNITY FOR MEN AIR,70.95
4139106,EUPHORIA GOLD MEN,74.175
4046421,EUPHORIA MEN INTENSE,69.875
4293329,EUPHORIA MEN PURE GOLD,69.875
4024565,OBSESSION NIGHT,48.375
4140445,REVEAL MEN,75.25
4010745,TRUTH MEN,51.59999999999999
4494857,DEFY,69.875
4004779,212 ICE,38.7
4080690,212 MEN,68.8
4025912,212 ON ICE MEN,56.97499999999999
4318320,212 SEXY MEN,64.5
4031500,212 SPLASH MEN,59.125
4295906,212 VIP BLACK,74.175
4460950,212 VIP BLACK RED ,69.875
4358087,212 VIP FOR MEN,73.1
4293309,212 VIP MEN WILD PARTY,73.1
4382818,BAD BOY,74.175
4022692,CHIC FOR MEN,59.125
4020357,HERRERA AQUA,51.59999999999999
4023870,HERRERA FOR MEN,51.59999999999999
4040008,CARON POUR HOMME,69.875
4048046,YATAGAN,90.3
4119154,DECLARATION D'UN SOIR,79.55
4461615,L'ENVOL DE EAU DE PARFUM,69.875
4041011,MUST DE CARTIER POUR HOMME,66.64999999999999
4347492,PASHA DE CARTIER,70.95
4355364,PASHA DE CARTIER EDITION NOIRE SPORT,73.1
4042618,ROADSTER ,74.175
4064721,ROADSTER SPORT,70.95
4026858,SANTOS DE CARTIER,66.64999999999999
4681513,CHEROKEE 1881,68.8
4028794,CERRUTI 1881 BLACK ,52.675
4017938,CERRUTI IMAGE,48.375
4042688,CERRUTI POUR HOMME,66.64999999999999
4020491,CERRUTISI,50.525
4045587,L'ESSENCE DE CERRUTI,65.575
4037314,ALLURE BLANCHE EDITION,66.64999999999999
4233308,ALLURE HOMME,70.95
4347495,ALLURE HOMME SPORT,69.875
4030421,ANTAEUS,74.175
4055121,BLEU DE CHANEL,63.425
4409556,EGOIST PLATINUM,73.1
4056600,POUR MONSIEUR ,80.625
4040939,BEST OF CHEVIGNON,68.8
4011662,CASRAN,45.15
4028980,CHOPARD POUR HOMME,55.9
4238267,OUD MALAKI,73.1
4057172,AMBRE NUIT,67.725
4079734,AQUA FAHRENHEIT,73.1
4409721,DIOR HOMME,69.875
4094149,DIOR HOMME COLOGNE 2013,69.875
4234832,DIOR HOMME INTENSE,74.175
4460951,DIOR HOMME PARFUM 2014,74.175
4041052,DIOR HOMME SPORT,66.64999999999999
4376085,DIOR HOMME SPORT 2017,74.175
4332105,EAU SAUVAGE,73.1
4355363,EAU SAUVAGE 2012,73.1
4282507,EAU SAUVAGE PARFUM 2017,75.25
4048268,FAHRENHEIT ABSOLUTE,68.8
4116915,FAHRENHEIT LE PARFUM,73.1
4010633,HIGHER,60.2
4013899,HIGHER ENERGY,48.375
4120747,LA COLLECTION COUTURIER PARFUMEUR LEATHER OUD,88.14999999999999
4297999,LA COLLECTION PRIVEE PATCHOULI IMPERIAL,73.1
4333389,SAUVAGE,77.39999999999999
4490238,SAUVAGE ELIXIR,77.39999999999999
4030087,TUMULTE POUR HOMME,54.825
4119710,HAPPY FOR MEN,70.95
4043076,1872 FOR MEN,64.5
4348592,C FOR MEN,74.175
4348595,ROCK ROSE NOBLE VII,74.175
4026513,X FOR MEN,53.75
4022409,COMME DES GARCONS 2 MAN,54.825
4051614,COMME DES GARCONS 888,88.14999999999999
4039122,GUERILLA 2,66.64999999999999
4038144,GUERILLA I,63.425
4067849,WONDERWOOD,70.95
4053043,COSTUME NATIONAL HOMME,73.1
4189628,AVENTUS,77.39999999999999
4438955,AVENTUS,61.275
4648611,BEYOND PARADISE,70.95
4348597,ORIGINAL SANTAL,73.1
4079213,ORIGINAL VETIVER,90.3
4106079,SILVER MOUNTAIN WATER,73.1
4107319,TABAROME,77.39999999999999
4343704,VIKING,74.175
4075645,INSTINCT,62.34999999999999
4118254,INTIMATELY BECKHAM MEN,73.1
4054692,CHAMPION,66.64999999999999
4016968,COOL WATER DEEP,51.59999999999999
4030068,COOL WATER GAME FOR MAN,54.825
4056256,COOL WATER ICE FRESH,65.575
4122600,COOL WATER NIGHT DIVE,73.1
4036825,DAVIDOFF ADVENTURE,59.125
4012097,ECHO,51.59999999999999
4046623,HOT WATER,63.425
4033382,RELAX,56.97499999999999
4023463,SILVER SHADOW,55.9
4676047,ZINO DAVIDOFF,74.175
4258368,BAD,74.175
4020971,DIESEL 1996,59.125
4036440,DIESEL FUEL FOR LIFE FOR MEN,58.05
4043364,DIESEL ONLY THE BRAVE,66.64999999999999
4067199,DIESEL PLUS PLUS MASCULINE,67.725
4096867,FUEL FOR LIFE SPIRIT,72.02499999999999
4073770,ONLY THE BRAVE TATTOO,70.95
4135680,ONLY THE BRAVE WILD,73.1
4461605,SPIRIT OF THE BRAVE,73.1
4020830,BE DELICIOUS MEN,50.525
4046426,1 LE BATELEUR,62.34999999999999
4074864,4 L'EMPIREEUR,77.39999999999999
4046049,6 L'AMOUREUX,63.425
4534052,BY MAN,69.875
4332369,DOLCE & GABBANA POUR HOMME,66.64999999999999
4074509,LIGHT BLUE LIVING STROMBOLI,80.625
4460936,LIGHT BLUE LOEWE IS LOEWE POUR HOMME,69.875
4140170,LIGHT BLUE POUR HOMME,73.1
4417488,THE ONE FOR MEN,77.39999999999999
4056760,THE ONE GENTLEMAN,66.64999999999999
4335048,THE ONE GREY,69.875
4396811,THE ONE ROYAL NIGHT,74.175
4072876,THE ONE SPORT FOR MEN,73.1
4538038,LIGHT BLUE ITALIAN POUR HOMME,69.875
4031814,DKNY BE DELICIOUS PICNIC IN THE PARK MEN,53.75
4900776,DKNY MEN,48.375
4026397,DKNY RED DELICIOUS MEN,59.125
4039724,HE WOOD DSQUARED POUR HOMME,69.875
4115074,HE WOOD ROCKY MOUNTAIN WOOD,75.25
4117472,HE WOOD SILVER WIND WOOD,74.175
4023166,DUNHILL  ,51.59999999999999
4060717,DUNHILL 51.3 N,64.5
4063231,DUNHILL BLACK,64.5
4063164,DUNHILL CUSTOM,67.725
4069624,DUNHILL EDITION,66.64999999999999
4025243,DUNHILL FRESH,48.375
4344312,DUNHILL ICON ABSOLUTE,64.5
4063189,DUNHILL PURE,64.5
4070805,DUNHILL PURSUIT,66.64999999999999
4335601,ICON,74.175
4344385,ICON ELITE,66.64999999999999
4018722,X-CENTRIC,49.45
4070533,DUNLOP CHIC SPORT(MAVİ),67.725
4016503,ESSENZA DI ZEGNA,54.825
4355580,INDONESIAN OUD,70.95
4303793,JAVANESE PATCHOULI,88
4461730,MEDITERRANEAN NEROLI,74.175
4130310,UOMO,73.1
4030775,ZEGNA INTENSO,53.75
4025466,ZEGNA Z,56.97499999999999
4038461,ESCADA   MOON SPARKLE FOR MEN,64.5
4012144,ESCADA   POUR HOMME,66.64999999999999
4013901,SENTIMENT POUR HOMME,40.85
4030133,SUNSET HEAT FOR MEN,51.59999999999999
4052692,BRASIL DREAM FOR HIM,74.175
4013105,INTUITION FOR MEN,45.15
4115724,PLEASURES FOR MEN,69.875
4028371,AIGNER BLACK,52.675
4080468,ETIENNE AIGNER FOR MEN,70.95
4028370,IN LEATHER MAN,63.425
4900265,FACONNABLE,38.7
4380098,FRENCH LOEWER,73.1
4376087,VETIVER EXTRAORDINAIRE,77.39999999999999
4273912,GANT ADVENTURE,70.95
4047482,GREY FLANNEL,70.95
4900302,WINGS FOR MEN,32.25
4295913,GENTLEMAN 2017,77.39999999999999
4684741,GENTLEMEN ONLY,75.25
4144200,GENTLEMEN ONLY INTENSE,68.8
4262971,INSENSE ULTRAMARINE,67.725
4294956,PI ,75.25
4043110,PI FRAICHE,59.125
4040768,PI NEO,73.1
4046054,PLAY,62.34999999999999
4056502,PLAY FOR HIM INTENSE,73.1
4091061,PLAY IN THE CITY FOR HIM,73.1
4022604,VERY IRRESISTIBLE FOR MEN,52.675
4036354,VERY IRRESISTIBLE FRESH ATTITUDE,69.875
4025304,XERYUS ROUGE,58.05
4011932,ZERYUS,62.34999999999999
4196632,ENVY FOR MEN,63.425
4040268,GUCCI BY GUCCI POUR HOMME,73.1
4052361,GUCCI BY GUCCI SPORT POUR HOMME,70.95
4344376,GUCCI GUILTY ABSOLUTE POUR HOMME,69.875
4100096,GUCCI GUILTY INTENSE POUR HOMME,74.175
4091252,GUCCI MUSEO FOREVER NOW,110
4015410,GUCCI POUR HOMME,47.3
4009714,GUCCI RUSH FOR MEN,40.85
4085722,GUILTY BLACK POUR HOMME,66.64999999999999
4461633,GUILTY LOEWE EDITION POUR HOMME,73.1
4358088,GUILTY POUR HOMME,69.875
4007678,NOBILE,56.97499999999999
4041002,GUERLAIN HOMME,72.02499999999999
4043374,HABIT ROUGE,73.1
4134669,L'HOMME IDEAL,80.625
4036138,L'INSTANT DE GUERLAIN POUR HOMME,58.05
4497745,L'HOMME IDEAL EXTREME,75.25
4319690,DRAKKAR NOIR,66.64999999999999
4038951,HORIZON,69.875
4339527,EAU INTENSE VETIVER,73.1
4038954,HERMES,61.275
4234839,TERRE D'HERMES,67.725
4472289,H 24,74.175
4073351,HUGO BOSS,73.1
4047646,BALDESSARINI DEL MAR,70.95
4398329,BOSS,59.125
4027637,"BOSS ""IN MOTION"" BLACK EDITION",56.97499999999999
4020673,"BOSS ""IN MOTION"" EDITION",53.75
4040884,"BOSS ""IN MOTION"" ELECTRIC EDITION",72.02499999999999
4021884,"BOSS ""IN MOTION"" GREEN EDITION",50.525
4051858,"BOSS ""IN MOTION"" WHITE EDITION",69.875
4423993,BOSS BOTTLED INFINITE,74.175
4055774,BOSS BOTTLED NIGHT,66.64999999999999
4282505,BOSS BOTTLED TONIC,73.1
4137536,BOSS ORANGE MAN,74.175
4038143,BOSS PURE,62.34999999999999
4026398,BOSS SELECTION,53.75
4019964,BOSS SOUL,50.525
4237444,BOSS THE SCENT,70.95
4038950,ELEMENTS,62.34999999999999
4011197,ELEMENTS AQUA,55.9
4022084,ENERGISE FOR MEN,51.59999999999999
4191715,HUGE UNLIMITED,69.875
4358864,HUGO BOSS,66.64999999999999
4074634,HUGO BOSS DARK BLUE,83.85
4043368,HUGO BOSS ELEMENT,66.64999999999999
4086091,HUGO BOSS RED,66.64999999999999
4282501,HUGO ICED,73.1
4067509,JUST DIFFERENT ,73.1
4418317,OUD AROMATIC,69.875
4418276,OUD SAFFRON,68.8
4034097,XY MAN,55.9
4028958,CALDION NIGHT FOR MEN,50.525
4011930,ICEBERG HOMME,49.45
4019059,L'EAU BLEUE POUR HOMME,55.9
4042687,L'EAU D'ISSEY INTENSE,79.55
4344829,L'EAU D'ISSEY POUR HOMME,73.1
4126612,L'EAU D'ISSEY POUR HOMME SPORT,74.175
4316430,L'EAU MAJEURE D'ISSEY,74.175
4060887,FLEUR DU MALE,62.34999999999999
4139755,LE MALE,48.375
4375198,LE MALE ESSENCE DE PARFUM,64.5
4488191,SCANDAL POUR HOMME,77.39999999999999
4262634,ALOWEEN MAN,70.95
4035728,JIL SANDER MAN,55.9
4063998,JIL SANDER MAN ABSOLUTE,64.5
4013238,SANDER FOR MEN,47.3
4032984,SPORT FOR MEN,54.825
4333274,SUN MEN,70.95
4149944,JIMMY CHOO MAN,73.1
4059917,AMBER & LAVANDER,63.425
4059546,POMEGRANATE NOIR COLOGNE,68.8
4124563,ARTISAN BLACK,74.175
4021796,JOHN VARVATOS,50.525
4030994,VINTAGE,58.05
4498595,NICK JONAS,73.1
4034225,GO,52.675
4342540,JOOP! HOMME,68.8
4020831,JOOP! JUMP,58.05
4900255,NIGHT FLIGHT,43
4011204,ROCOCO FOR MEN,45.15
4044094,THRILL FOR MEN,63.425
4009886,WHAT ABOUT ADAM,52.675
4289037,WOW,59.125
4083510,DIRTY ENGLISH FOR MEN,67.725
4015465,KENZO AIR,45.15
4195947,KENZO HOMME NIGHT,73.1
4092072,KENZO HOMME SPORT,73.1
4058377,KENZO HOMME WOODY (BOISEE),66.64999999999999
4335045,KENZO POUR HOMME,66.64999999999999
4035345,KENZO POUR HOMME FRESH,53.75
4059680,KENZO POUR HOMME ONCE UPON A TIME,64.5
4044124,KENZO POWER POUR HOMME,64.5
4078406,L'EAU 2 KENZO POUR HOMME,73.1
4293605,L'EAU KENZO AQUADISIAC POUR HOMME,69.875
4090802,L'EAU PAR COLORS HOMME,69.875
4048696,L'EAU PAR KENZO EAU INDIGO HOMME,59.125
4362317,L'EAU PAR KENZO MEN,62.34999999999999
4035861,TOKYO BY KENZO,68.8
4462287,WORLD,66.64999999999999
4137007,KINSKI,69.875
4038953,BOOSTER,64.5
4032988,ELEGANCE,58.05
4009880,LACOSTE,61.275
4139754,"LACOSTE ""STYLE IN PLAY""",74.175
4024819,LACOSTE COOL PLAY,51.59999999999999
4358086,LACOSTE ESSENTIAL,70.95
4050313,LACOSTE ESSENTIAL SPORT,73.1
4030985,LACOSTE HOT PLAY,59.125
4060298,LACOSTE L.12.12 BLANC,64.5
4061783,LACOSTE L.12.12 BLUE,64.5
4094921,LACOSTE L.12.12 NOIR,69.875
4094098,LACOSTE L.12.12 ROUGE,70.95
4060200,LACOSTE L.12.12 VERT,64.5
4122606,LACOSTE LIVE,80.625
4293318,L'HOMME LACOSTE,74.175
4394513,ENCRE NOIRE POUR HOMME,74.175
4093823,LALIQUE POUR HOMME,82
4234563,LALIQUE WHITE POUR HOMME,73.1
4241624,BALAFRE,77.39999999999999
4009149,MIRANDAHOMME,48.375
4017667,MIRANDAHOMME L'AQUATONIC,53.75
4024377,ARPEGE POUR HOMME,58.05
4081543,AVANT GARDE,66.64999999999999
4244570,ECLAT D'ARPEGE POUR HOMME,69.875
4009882,LANVIN L'HOMME,60.2
4010252,OXYGENE HOMME,53.75
4047889,BIAGIOTTI DUE UOMO,69.875
4076769,ROMA UOMO,62.34999999999999
4048452,LEONARD HOMME,70.95
4285926,ESENCIA LOEWE FOR MEN,78
4048825,SOLO,68.8
4041603,LOLITA LEMPICKA AU MASCULIN,59.125
4522251,NOUVEAU MONDE,77.39999999999999
4256125,EMIR,70.95
4464133,MASCULIN PLURIEL,74.175
4032485,MARBERT HOMME,69.875
4014047,MARBERT MAN,63.425
4056095,BANG MAN,70.95
4533581,KASBAH SUNSET,69.875
4684802,TABAC MEN,74.18
4370840,INTENSE,74.175
4053777,MICHAEL FOR MEN,73.1
4397810,BLACK AOUD,74.175
4061731,MONTANA PARFUM D'HOMME,64.5
4122192,EMBLEM,91.375
4015102,INDIVIDUEL,55.9
4070520,LEGEND,69.875
4335049,LEGEND SPIRIT,73.1
4069244,STARWALKER,62.34999999999999
4518310,EXPLORER,69.875
4072306,FOREVER FOR MEN,69.875
4024924,FRIENDS MEN,56.97499999999999
4059491,FOR HIM MUSC COLLECTION,63.425
4035633,NARCISO RODRIGUEZ FOR HIM,62.34999999999999
4423986,BLACK AFGANO,77.39999999999999
4123685,PARDON,80.625
4067167,NAUTICA VOYAGE FOR MEN,69.875
4031926,SCULPTURE HOMME,59.125
4045674,NIVEA FOR MEN DRY IMPACT,77.39999999999999
4047891,CLASSIC CLASSIQUE,67.725
4240623,ECLAT SPORT,74.175
4040503,OSCAR FOR MEN,64.5
4285433,BLACK XS,73.1
4091886,BLACK XS L'EXCES FOR HIM,69.875
4100495,INVICTUS,80.625
4293337,INVICTUS INTENSE,74.175
4675192,INVICTUS LEGEND,66
4289042,ONE MILLION,73.1
4349850,ONE MILLION LUCKY,69.875
4257899,ONE MILLION PRIVE,80.625
4090814,PACO BY PACO RABANNE,69.875
4011648,PACO RABANNE POUR HOMME,62.34999999999999
4293332,PURE XS,74.175
4051159,ULTRAVIOLET  HOMME,77.39999999999999
4041406,ULTRAVIOLET MAN COLORS OF SUMMER,74.175
4470205,INVICTUS VICTORY,80.625
4533633,ONE MILLION ELIXIR,74.175
4031477,PAL ZILERY LAB,58.05
4485890,PHANTOM,67.725
4285934,BYERLEY,70.95
4285936,DARLEY,73.1
4285948,GODOLPHIN,67.725
4285939,LIPPIZAN,77.39999999999999
4189201,PEGASUS,62.34999999999999
4485891,PERCIVAL,76.325
4017617,MINOTAURE,60.2
4024867,PAUL SMITH EXTREME,52.675
4048611,PAUL SMITH MAN,68.8
4031350,STORY,53.75
4273914,OPUS 1870,77.39999999999999
4368615,THE UNCOMPROMISING SOHAN,73.1
4480251,ROARING RADCLIFF,69.875
4036660,360° FOR MEN,56.97499999999999
4062573,PORSCHE DESIGN SPORT FOR MEN,69.875
4049776,THE ESSENCE,73.1
4050089,THE ESSENCE INTENSE,73.1
4273915,AMBER POUR HOMME INTENSE,78
4083502,LUNA ROSSA,73.1
4290317,LUNA ROSSA CARBON,80.625
4293447,LUNA ROSSA SPORT PRADA FOR MEN,74.175
4028959,PRADA AMBER POUR HOMME,53.75
4278324,PRADA L'HOMME,73.1
4490245,OCEAN LUNA ROSSA,73.1
4077712,PUMA JAMAICA MAN,67.725
4136164,POLO BLACK,69.875
4407487,POLO BLUE,73.1
4030245,POLO DOUBLE BLACK,55.9
4038379,POLO EXPLORER,64.5
4314362,POLO RED INTENSE,68.8
4900258,POLO SPORT,45.15
4355368,POLO SUPREME LEATHER,73.1
4025270,PURPLE LABEL,52.675
4052759,RALPH LAUREN 1,68.8
4053643,RALPH LAUREN 2,70.95
4052843,RALPH LAUREN 3,68.8
4052844,RALPH LAUREN 4,67.725
4009927,ROMANCE FOR MEN,55.9
4025272,ROMANCE SILVER,50.525
4685043,SAFARI FOR MEN,64.5
4024005,CIGAR,70.95
4083838,MARQUIS (BLUE),73.1
4068355,SHIA MAN,73.1
4186943,JUST CAVALLI  HIM ,75.25
4273780,ROBERTO CAVALLI UOMO,73.1
4017380,AQUAMAN,50.525
4032033,DESIR POUR HOMME,54.825
4015046,LUI,56.97499999999999
4007367,ROCHAS MAN,47.3
4301901,OPEN,62.34999999999999
4345019,OLIGARCH,75.25
4335683,SCANDAL POUR HOMME,74.175
4495199,ELYSIUM POUR HOMME PARFUM COLOGNE,73.1
4067327,PASSENGER CRUISE POUR HOMME,68.8
4067326,PASSENGER POUR HOMME,66.64999999999999
4016124,S.T. DUPONT HOMME,52.675
4046417,SIGNATURE POUR HOMME,67.725
4011205,SALVADOR DALIDOR,63.425
4031492,INCANTO POUR HOMME ESSENTIAL,56.97499999999999
4039826,SALVATORE FERRAGAMO F POUR HOMME,68.8
4067661,24 CLASSIC,73.1
4046841,ZEN FOR MEN,66.64999999999999
4009918,OLD SPICE,72
4108315,EAU D'IKAR(HUBERT ISABELLA D'ORNANO),67.725
4678067,TED LAPIDUS POUR HOMME,65
4062841,A MEN PURE HAVANE,66.64999999999999
4050456,A MEN PURE MALT,73.1
4900725,A*MAN,66.64999999999999
4333269,ALIEN MAN,73.1
4018027,B*MAN,66.64999999999999
4368832,BEAU DE JOUR,74.175
4075397,GREY FLANNEL,73.1
4058711,JAPON NOIR,66.64999999999999
4057389,MOSS BRECHES,63.425
4056451,TOBACCO VANILLE,64.5
4047397,TOM FORD FOR MEN,69.875
4050125,TUSCAN LEATHER,72.02499999999999
4054546,WHITE SUEDE,64.5
4022603,TOMMY BAHAMA FOR MEN,51.59999999999999
4014276,FREEDOM FOR HIM,49.45
4358089,LOUD FOR HIM,72.02499999999999
4013241,T,53.75
4031087,TOMMY 10,59.125
4069623,TOMMY HILFIGER MASC.,68.8
4023509,TRUE STAR MEN,52.675
4060182,TOUS IN HEAVEN FOR HIM ,63.425
4062873,TOUS MAN SPORT,66.64999999999999
4120934,MY LAND,73.1
4013242,PYTHON FOR MEN,47.3
4120917,TRUSSARDI UOMO,73.1
4123489,VALENTINO UOMO,70.95
4479578,UOMO BORN IN ROMA MEN,73.1
4062090,MIDNIGHT IN PARIS POUR HOMME,65.575
4032311,ZANZIBAR,55.9
4057170,VERA WANG FOR MEN,70.95
4009875,BLACK JEANS,47.3
4034336,BLUE JEANS,52.675
4331430,DREAMER,59.125
4405792,DYLAN BLUE POUR HOMME,73.1
4239652,EROS,69.875
4343703,EROS FLAME,73.1
4038955,GREEN JEANS,68.8
4900781,VERSACE L'HOMME,55.9
4037414,VERSACE MAN,59.125
4342533,VERSACE MEN EAU FRAICHE,68.8
4115727,VERSACE POUR HOMME (SIGNATURE),73.1
4094269,VERSACE POUR HOMME OUD NOIR,73.1
4030067,ANTIDOTE,60.2
4073348,SPICEBOMB,77.39999999999999
4391802,SPICEBOMB EXTREME,70.95
4142246,VERY SEXY PLATINUM,73.1
4273913,CASAMORATI 1888 MEFISTO,73.1
4013981,YOHJI HOMME,53.75
4028148,BODY KOUROS,53.75
4021654,JAZZ,70.95
4009737,KOUROS,63.425
4335050,L' HOMME ULTIME,73.1
4335046,LA NUIT DE L'HOMME,69.875
4293330,LA NUIT DE L'HOMME EAU ELECTRIQUE,74.175
4326762,L'HOMME,70.95
4079737,L'HOMME LIBRE,74.175
4238066,L'HOMME PARFUM INTENSE,75.25
4011200,M7,64.5
4078413,M7 OUD ABSOLU,86
4014509,RIVE GAUCHE POUR HOMME,60.2
4413767,Y EAU DE PARFUM,88.14999999999999
4298177,YSL Y FOR MEN,88.14999999999999
4533585,YSL  POUR HOMME 1971,69.875
4079449,COMMES UNE EVIDENCE HOMME,73.1
4314395,THIS IS HIM,73.1
4070350,ZARA UOMO,68.8
4472998,SEOUL532-8 SINSA DONG GANG-GU,70.95
4533635,VIBRANT LEATHER BOGOSS,68.8
4552811,JAZZ CLUB,73.1
4604626,BEACH  HUT,68.8
4551749,TEEB,64.5
4552423,LE MALE LE PARFUM MEN,73.1
4552417,CODE ABSOLU POUR HOMME,75.25
4552414,A MEN PURE HAVANE,73.1
4552411,SPICEBOMB EXTREME,77.39999999999999
4086990,NOIR FOR MEN,69.875
4071921,KOKORICO,70.95
4607469,POLO RED,70.95
4608589,UQUIPAGE,69.875
4608586,ORPHEON,64.5
4610346,POUR HOMME EDP MONCLER,69.875
4612112,BOSS THE SCENT FOR HIM MAGNETIC,66.64999999999999
4614941,THE HOPE,73.1
4614923,INVICTUS VICTORY ELIXIR,75.25
4615318,DON,70.95
4615299,GRAN BALLO,62.34999999999999
4621441,CODE PARFUM,69.875
4622739,MYSLF,69.875
4626503,GUCCI POUR HOMME II,53.75
4626615,METEORE,73.1
4629423,212 HEROES,77.39999999999999
4629421,PEGASUS EXCLUSIF,74.175
4629420,DIOR HOMME SPORT 2021,77.39999999999999
4629419,IMAGINATION,77.39999999999999
4630876,WOODY LEATHER WITH OUDH INTENSE,74.175
4630023,VIRTUOUS OUD,73.1
4633541,HOMME MARINE,73.1
4633540,ONE MILLION GOLDEN OUD,74.175
4633526,LE BEAU LE PARFUM,74.175
4635292,KNIGHT OF LOVE,69.875
4635596,UOMO BORN IN ROMA CORAL FANTASY,74.175
4636007,Y LE PARFUM,70.95
4636023,AVENTUS ABSOLU,74.175
4636015,LE GEMME EMPYR,77.39999999999999
4636004,LA NUIT DE L'HOMME EDP,66.64999999999999
4638860,L'HOMME IDEAL INTENSE,70.95
4606880,GENTLEMAN EAU DE TOILETTE INTENSE,81.7
4604705,LE GEMME FALKAR,66.64999999999999
4604704,MATCH POINT,74.175
4649185,LE MALE ELIXIR,66.64999999999999
4651208,BAD BOY LE PARFUM,75.25
4651204,INVICTUS PARFUM 2024,67.725
4654826,BOSS BOTTLED TRIUMPH ELIXIR,64.5
4654813,GENTLEMAN SOCIETY EXTREME,75.25
4654810,BOSS THE SCENT ELIXIR FOR HIM,74.175
4654808,LE BEAU PARADISE GARDEN,75.25
4539315,TERRE D' HERMES EAU GIVREE,74.175
4669811,NIO,66.64999999999999
4673460,DEVOTION POUR HOMME,64.5
4673509,MILLION GOLD MEN,77.39999999999999
4673904,K BY EAU DE PARFUM INTENSE,74.175
4673896,Y ELIXIR,73.1
4673873,SCANDAL POUR HOMME ABSOLU,68.8
4654878,LOVER LE MALE,75.25
4674335,BOSS BOTTLED OUD,76.325
4674339,NOW,69.875
4651425,HEROD,66.64999999999999
4651457,ETERNITY FOR MEN,73.1
4651456,BVLGARI POUR HOMME,69.875
4651556,BRUT,38.7
4652293,OUD WOOD,75.25
4652358,DESIRE BLUE,86
4653272,OUD FOR GREATNESS,74.175
4653271,K BY DOLCE & GABBANA,69.875
4653671,NOIR EXTREME,73.1
4653787,FAHRENHEIT 32,73.1
4653669,EUPHORIA MEN,73.1
4653953,JAGLER,53.75
4654047,AL WISAM DAY,69.875
4653969,GREEN IRISH TWEED,73.1
4656181,REFLECTION MAN,73.1
4677232,BOIS PACIFIQUE,77.39999999999999
4679829,THE TRAGEDY OF LORD GEORGE,77.39999999999999
4677545,BOSS BOTTLED ABSOLU,72
4685118,SAUVAGE PARFUM 2019,70
4684723,HALTANE,70
4604633,SUN JAVA WHITE,69
4689961,THE BLAZING MR SAM 8PORTRAITS COL.),62
4690951,GENTLEMAN SOCIETY EDP,69
4666437,POUR HOMME,65
4694413,BAD BOY COBALT ELIXIR,72
4694581,LOVERS,72
4695138,PARADIGME,65
4355369,NOTE DI COLONIA II,73.1
4355370,NOTE DI COLONIA III,74.175
4533639,COLONIA CLUB,73.1
4533641,BLU MEDITERRANEO BERGAMOTTO DI CALABRIA,66.64999999999999
4348116,AMBER WOOD,74.175
4536191,MUSK KHAS,75.25
4142974,THE LIBRARY COLLECTION OPUS V,66.64999999999999
4314363,THE LIBRARY COLLECTION OPUS VIII,74.175
4533642,INTERLUDE 53,74.175
4527316,ARMANI PRIVE VERT MALACHITE,69.875
4543342,FIGUER EDEN,64.5
4524729,NUDA VERITAS EXTRAIT,69.875
4361487,VOLUME 2 PRECISION & GRACE,73.1
4199923,BOADICEA NEMER,86
4335603,COMPLEX,77.39999999999999
4533643,HANUMAN,64.5
4273911,ORO 1920,79.55
4423170,B9,73.1
4368619,BLEECKER STREET,69.875
4198835,BROOKLYN,62.34999999999999
4423168,DUBAI AMBER,74.175
4423167,GREENWICH VILLAGE,64.5
4395733,LAFAYETTE STREET,69.875
4368612,MANHATTAN,68.8
4122190,NEW YORK AMBER,75.25
4423169,NEW YORK NIGHTS,64.5
4083566,NEW YORK OUD,73.1
4472726,SIGNATURE PERFUME,77.39999999999999
4293310,SUTTON PLACE,75.25
4122333,WASHINGTON SQUARE,73.1
4461594,TUDOR ROSE,70.95
4453762,ANGEL'S SHARE,66.64999999999999
4066610,BACK TO BLACK (APHRODISIAC),67.725
4675435,BAD BOYS ARE NO GOOD BOT GOOD BUYS ARE NO FUN,68
4462280,BLACK PHANTOM,66.64999999999999
4075702,CRUEL INTENTIONS (TEMPT ME ),73.1
4344200,I DON'T NEED A PRINCE BY MY SIDE TO BE A PRINCESS,68.8
4247943,LIAISONS DANGEREUSES ( TYPICAL ME),69.875
4256069,MOONLIGHT IN HEAVEN,73.1
4129325,PURE OUD,80.625
4062623,ROSE OUD,63.425
4381869,VODKA ON THE ROCKS,66.64999999999999
4126028,1996 INEZ & VINOODDH,69.875
4302638,BAL D'AFRIQUE,58.05
4359037,MOJAVE GHOST,70.95
4533592,SLOW DANCE,69.875
4533595,TOBACCO MANDARIN,74.175
4536355,DE LOS SANTOS,73.1
4059418,C.K. ONE SUMMER UNISEX,63.425
4013293,EAU DE CARETTA UNISEX,46.225
4130521,L'HEURE MYSTERIEUSE XII,77.39999999999999
4404491,1957,80.625
4460957,LE LION DE CHANIA,77.39999999999999
4396139,PARIS VENISE,68.8
4198836,ROSE MALAKI,73.1
4241723,BOIS D'ARGENT,68.8
4254291,FEVE DELICIEUSE,55.9
4444735,GRIS DIANA,74.175
4293577,LA COLLECTION PRIVEE LA COLLE NOIR,74.175
4121732,OUD ISPAHAN,86
4409046,SANTAL NOIR,77.39999999999999
4413771,SPICE BLEND,75.25
4533729,VANILLA DIORAMA,74.175
4145176,BLUE CEDRAT,75.25
4119784,SERIES 2 RED SEQUOIA,73.1
4303792,ROYAL MAYFAIR,74.175
4258989,ROYAL OUD,80.625
4462745,SUBLIME VANILLE ROYALES EXCLUSIVES,74.175
4457998,AMBER BLEND,75.25
4335026,LEATHER BLEND,73.1
4451011,OUD PALAO,73.1
4478605,TEMPO,90
4533594,EAU CAPITALE,69.875
4534042,RIHLA ,74.175
4460933,LEMON,73.1
4460931,ORANGE,70.95
4460928,PINEAPPLE,68.8
4237274,VELVET DESERT OUD,70.95
4126750,VELVET PATCHOULI,74.175
4261691,VELVET TENDER OUD,80.625
4054420,ESCENTRIC 01,60.2
4617598,ESCENTRIC 02,88.14999999999999
4107222,ESCENTRIC 03,83.85
4383864,ESCENTRIC 04,80.625
4460958,ESCENTRIC 05,73.1
4460920,MOLECULE 5,70.95
4058191,MOLECULES 02,67.725
4078465,WOODY MYSTIQUE,79.55
4450964,AMBER SKY,75.25
4450948,BOIS D'HIVER,66.64999999999999
4451002,CITIZEN X,73.1
4270292,FLEUR NARCOTIQUE,68.8
4450994,FRENCH AFFAIR,68.8
4451016,MIDNIGHT SPECIAL,75.25
4450988,MUSC INFINI,68.8
4450972,ROSE HUBRIS,74.175
4450982,VENENUM KISS,75.25
4451009,VETIVER MOLOKO,73.1
4451007,VIPER GREEN,66.64999999999999
4450953,LOVE SHOT,75.25
4533620,IRIS PORCELANA,74.175
4534046,THE HEDONIST,74.175
4460927,DIAMANT,62.34999999999999
4533751,AETERNITAS,67.725
4461626,AMBER,68.8
4461628,NIGHT TOUCH,69.875
4355372,LYS MEDITERRANEE,68.8
4346492,MUSIC FOR A WHILE,74.175
4415569,PORTRAIT OF A LADY BY DOMINIQUE ROPION,73.1
4533753,SYNTHETIC JUNGLE,69.875
4126132,CUIR NOIR,73.1
4282495,GIANI EAU DE NUIT OUD,74.175
4488192,PRIVE MUSC SHAMAL,74.175
4500341,PRIVE ROUGE MALACHITE,74.175
4017849,OBLIQUE FAST FORWARD UNISEX,53.75
4137030,GOULETTE OUD,74.175
4257902,INTENSE OUD,74.175
4368621,A SONG FOR THE ROSE EAU DE PARFUM,68.8
4453759,THE VOICE OF THE SNAKE EAU DE PARFUM,74.175
4303791,AMBRE ETERNAL,73.1
4461618,AQUA ALLEGORIA GINGER PICCANTE,69.875
4263773,SANTAL ROYAL,112.875
4469285,CUIR INTENSE,74.175
4470235,MUSC NOBLE,73.1
4514204,AQUA ALLEGORIA LIMON VERDE,74.175
4533580,ENCENS MYTHIQUE D'ORIENT,77.39999999999999
4293314,EAU DE NEROLI DORE,64.5
4129330,HEREDOTSENCE AMBRE NARGUILE,73.1
4081396,L'AMBRE DES MERVEILLES,75.25
4383870,UN JARDIN EN MEDITERRANEE,74.175
4055066,VOYAGE D'HEREDOT,65.575
4389485,INITIO PSYCHEDELIC LOVE,74.175
4368616,REHAB,70.95
4407524,SIDE EFFECT,75.25
4190982,COLOGNE INTENSE OUD & BERGAMOT,69.875
4444729,VELVET ROSE & OUD,69.875
4514201,VETIVER & GOLDEN VANILLA COLOGNE INTENSE,73.1
4533618,SEA DAFFODIL,66.64999999999999
4537997,BRONZE WOOD & LEATHER COLOGNE INTENSE,77.39999999999999
4461617,FLEUR UNIVERSELLE,69.875
4359036,JASMINS MARZIPANE (GRAND CRUS COLLECTION),70.95
4461625,ANOTHER 13,74.175
4461897,BERGAMOTE 22,70.95
4428004,ROSE 31,73.1
4335023,SANTAL 33,73.1
4516335,THE NOIR 29,73.1
4541313,THE MATCHA 26,69.875
4413770,CACTUS GARDEN,75.25
4460956,LES SABLES ROSES,77.39999999999999
4452877,L'IMMENSITE,74.175
4428033,OMBRE NOMADE,74.175
4413769,SUN SONG,73.1
4504540,CALIFORNIA DREAM,73.1
4533616,SAILING DAY,73.1
4368613,ABSOLUE POUR LE MATIN,64.5
4293320,AQUA CELESTIA,70.95
4370842,BACCARAT ROUGE  540 EXTRAIT DE PARFUM,73.1
4268777,BACCARAT ROUGE 540,75.25
4426826,GENTLE FLUIDITY SILVER,74.175
4368614,GENTLE FLUIDTY GOLD,74.175
4285023,OUD SATIN MOOD,73.1
4514209,AQUA UNIVERSALIS FORTE,69.875
4525796,AMYRIS FEMME EXTRAIT,73.1
4542607,GRAND SOIR,66.64999999999999
4364724,CEDRAT BOISE,69.875
4303788,LEMON LINE,74.175
4488188,AOUD ORCHID,70.95
4497393,GANYMEDE,74.175
4533612,TANGO,73.1
4290217,AFRICAN LEATHER,80.625
4415452,EAU DE MEMO,66.64999999999999
4675134,FRENCH LEATHER,68
4441636,IRISH LEATHER,75.25
4458001,ITALIAN LEATHER,75.25
4461622,KEDU SESAME,74.175
4335602,MARFA,74.175
4369439,MORROCAN LEATHER,77.39999999999999
4344197,RUSSIAN LEATHER,73.1
4533609,ARGENTINA,75.25
4534048,IBERIAN LEATHER,77.39999999999999
4534196,FLAM,66.64999999999999
4409421,AOUD NIGHT,77.39999999999999
4256077,AOUD SENSE,66.64999999999999
4256126,STARRY NIGHT,74.175
4453768,VETIVER PATCHOULI,73.1
4486352,ARABIAN TONKA,78.475
4514186,SENSUAL INSTINCT,68.8
4461619,MUSK TO MUSK,74.175
4252109,ABSINTH,77.39999999999999
4085771,SILVER MUSK,73.1
4488189,BLAMAGE,69.875
4376081,ORRIS NOIR,73.1
4528136,4.MONTABACO INTENSIVO,74.175
4425799,MEGAMARE,96.75
4285937,GALLOWAY,86
4285940,HAMDANI,65.575
4285941,KUHUYAN,74.175
4285938,LAYTON,73.1
4478604,TRALALA,68.8
4538036,CONSTANTINOPLE,70.95
4192325,TIGER OUD,69.875
4533584,DE LA NUIT NO:2,77.39999999999999
4506042,FLORAL AMBER SENSUAL MUSK,107.5
4068122,24 GOLD,66.64999999999999
4086351,24 PLATINUM,72.02499999999999
4450935,FLEURS D'ORANGER,53.75
4119278,EAU DE CAMPAGNE,88.14999999999999
4196084,ERBA PURA,77.39999999999999
4196086,LAYLATI,80.625
4261687,OPERA,80.625
4368617,02 L'AIR DU DESERT MAROCAIN,70.95
4406632,NOOROLAINTAIF FOR WOMEN AND MEN,75.25
4406623,PEACOCK THRONE FOR WOMEN AND MEN,75.25
4406629,THE CORA FOR WOMEN & MEN ,64.5
4015705,COLOGNE,51.59999999999999
4355375,WOODISSIME LES EXCEPTIONS,73.1
4362168,ANDROMEDA,69.875
4461726,BIANCO PURO,66.64999999999999
4355376,DELOX,73.1
4355810,DRACO,74.175
4461899,GOLD ROSE OUDH,73.1
4303364,KIRKE,73.1
4462757,TELEA,74.175
4362916,URSA,74.175
4530840,ORION,74.175
4530839,ATLANTIDE,77.39999999999999
4543341,SIRRAH EXTRAIT DE PARFUM,73.1
4261689,CAFE ROSE,86
4124350,AZURE LIME,73.1
4437160,BLACK ORCHIDE 2020,75.25
4106501,ITALIAN CYPRESS,70.95
4246160,LAVANDER PALM,77.39999999999999
4311572,LONDON,77.39999999999999
4247744,MANDARINO DI AMALFI,66.64999999999999
4337629,OMBRE LEATHER 2018,84.925
4685623,OUD FLEUR,73.1
4396808,OUD MINERALE,74.175
4237288,PATCHOULI ABSOLU,74.175
4444732,ROSE PRICK,73.1
4249816,SOLEIL BLANC,69.875
4485894,COSTA AZZURRA,73.1
4533603,EBENE FUME,73.1
4341772,AMBER ELIXIR,73.1
4536189,SOLE PATCHOULI,73.1
4437833,1861 NAXOS,75.25
4369330,ALEXANDRIA II,74.175
4460925,ALEXANDRIA III,73.1
4461722,LA CAPITALE,62.34999999999999
4280822,OESEL (SHOOTING STARS),64.5
4279747,REGIO,70.95
4533577,APOLLONIA,68.8
4533600,STARLIGHT,73.1
4533602,ACCENTO,74.175
4533582,TRENCH,69.875
4533587,CUIR,73.1
4137037,NOBLE LEATHER,73.1
4303790,TUXEDO,69.875
4685402,THIS IS US,70.95
4552906,CUOIUM,77.39999999999999
4551152,BABYCAT,77.39999999999999
4551159,SUBLIME TONKA,75.25
4552813,BY THE FIREPLACE,73.1
4551768,SOLEIL NEIGE,70.95
4552420,FEVE DELICIEUSE,73.1
4552408,TOBACCO OUD,69.875
4603490,CHERRY SMOKE,67.725
4604628,SOLEIL BRULANT,69.875
4551736,7/24,69.875
4552347,MIDNIGHT GOLD,69.875
4606357,CARLISLE,80.625
4607119,CHERRY SMOKE,77.39999999999999
4607117,PRIVE BOIS D'ENCENS,74.175
4607808,ANGELIQUE NOIR,64.5
4607738,CRUSH ON ME,64.5
4607938,SUPER CEDAR,69.875
4608591,SUNDAZED,64.5
4607121,BARFLY,73.1
4608925,TERRONI,74.175
4608637,FANTOMAS,74.175
4611092,GRIS CHARNEL EXTRAIT,74.175
4611327,MUSK THERAPY,64.5
4611329,SACRED WOOD,77.39999999999999
4611327,MUSK THERAPY,64.5
4613292,AOUD LEMON MINT,77.39999999999999
4614810,CARGO DE NUIT,69.875
4614921,NAWAB OF OUDH,73.1
4614919,ATOMIC ROSE,73.1
4615317,FATAL CHARME,74.175
4615316,OPERA,67.725
4615315,CASAMORATTI 1888 FUTURA,70.95
4615313,40 KNOTS,66.64999999999999
4615337,PIKOVAYA DAMA 2018,70.95
4615300,AMBER STAR,77.39999999999999
4613293,PURE WHITE COLOGNE,70.95
4617009,JUMPSUIT,68.8
4546018,STRONGER WITH YOU OUD,81.7
4618681,HALLEY,83.85
4621435,PATCHOULI ARDENT,74.175
4621984,ON THE BEACH,66.64999999999999
4623766,STELLAR TIMES,73.1
4623829,YUZU,70.95
4626620,CABIRIA,74.175
4626618,SAMPAQUITA,64.5
4626614,GUIDANCE,70.95
4626613,AMBER OUD GOLD EDITION,64.5
4628977,HAMPTONS,68.8
4629422,PROMISE,77.39999999999999
4631231,AMBER AOUD ABSOLUE PRECIEUX,77.39999999999999
4631230,MARFA SPICES,77.39999999999999
4631679,SPIRITUEUSE,64.5
4631529,ABERDEEN LAVANDER,74.175
4632419,AMBRETTE 9,70.95
4632720,OUD 27,73.1
4633530,DO SON EAU DE PARFUM,80.625
4633529,LEATHER EAU DE PARFUM,81.7
4633528,HALFETI LEATHER,77.39999999999999
4633527,SMOKING HOT,74.175
4635297,BLONDE AMBER,77.39999999999999
4635295,AQUA ALLEGORIA HERBA FRESCA,69.875
4635294,HOUR,64.5
4635291,MAZYON,75.25
4635334,THE MOON,91.375
4635283,ANNIVERSARIO,77.39999999999999
4635287,ROSE DE CHINE,77.39999999999999
4635288,TYRENUM,73.1
4635336,AMBERWOOD,77.39999999999999
4635335,IN PARADISE RIVIERA,69.875
4635610,BOIS D'EBENE,77.39999999999999
4635609,FOREVER NOW,74.175
4635721,BOIS IMPERIAL,67.725
4635346,D BY,73.1
4635344,LIBRA,80.625
4635343,PATCHOULI MAGNETIK,66.64999999999999
4635341,AQUA ALLEGORIA ORANGE SOLEIA,64.5
4636019,MEANDER,74.175
4636588,PORPORA,69.875
4636386,VANILLA SEX,59.125
4637068,KALAN,73.1
4640118,APPLE BRANDY ON THE ROCKS,64.5
4640119,MOONLIGHT PATCHOULI,68.8
4640509,EAU DE BASILIC POURPRE,58.05
4643176,HERMESSENCE CARDAMUSC,64.5
4643178,ORZA,77.39999999999999
4643180,FLEUR DU DESERT,74.175
4643179,OUD MARACUJA,74.175
4645531,HEAVEN CAN WAIT,75.25
4645533,SYMPHONY,74.175
4645536,ROUGE SMOKING,64.5
4646598,MYSTIC EXPERIENCE,70.95
4646787,OUD FOR HAPPENES,73.1
4647051,PARAGON,79.55
4647963,DUBAI EMERALD,75.25
4649580,ROUGE CHAOTIQUE,73.1
4649579,ONE UMBRELLA FOR TWO,66.64999999999999
4649881,BLANC KOGANE,73.1
4651170,OUD ROSEWOOD,77.39999999999999
4651195,ELECTRIC CHERRY,64.5
4651183,AFTERNOON SWIM,75.25
4651201,TORINO 21,68.8
4651198,STRONGER WITH YOU AMBER,74.175
4651306,ERBA GOLD,75.25
4651847,VANILLLE FATALE,75.25
4656130,TILIA,66.64999999999999
4661739,BIANCO LATTE,66.64999999999999
4661905,BLUE TALISMAN,74.175
4624935,PACIFIC CHILL,81.7
4671616,KHAMRAH,64.5
4673556,SILVER BIRCH & LAVANDER COLOGNE,73.1
4673516,TOBACCO HONEY,69.875
4673512,VANILLA FATALE 2024,77.39999999999999
4673511,NEW LOOK 2024,77.39999999999999
4673508,OLD FASHIONED,69.875
4673543,LUCKY,66.64999999999999
4673523,LES SABLES ROSES,77.39999999999999
4673620,MOLECULE BLACK TEA ESCENTRIC,59.125
4673922,PATCHOULI PARIS,74.175
4673878,TAM DAO PARFUM,66.64999999999999
4673865,SEL D'AZUR,55.9
4652919,MORE THAN WORDS,73.1
4652915,FUCKING FABULOUS,77.39999999999999
4652918,TYL ASSOLUTO,70.95
4652910,INTENSE CAFÉ,77.39999999999999
4653950,GUMIN,74.175
4656186,TOBACCO OUD,86
4656185,AOUD LIME,74.175
4656183,OAJAN,59.125
4656182,BLACK SAFFRON,64.5
4672476,BLACK MUSK,68.8
4676792,HIBISCUS MAHAJAD,77.39999999999999
4677249,ROLLING IN LOVE,75.25
4676695,PURPOSE,75.25
4676782,OUD CADENZA,74.175
4677851,EAU D'OMBRE LEATHER (2024),73.1
4675036,TRUE OUD,84.925
4680122,GUIDANCE 46,74.175
4681900,CEDRUS,70
4682447,KURKY,85
4682313,PARFUSM GYPSY WATER,69
4682505,BLANCHE BETE,69
4604631,INTERLUDE BLACK IRIS,88
4684800,ENCLAVE,60
4685086,THE LIBRARY COLLECTION OPUS VII,70
4684623,GREENLY,65
4688722,MYRRH MYSTERE,78
4694202,CENTAURUS,84
4004560,BEYAZ ZAMBAK,48.375
4022638,CENNET,51.59999999999999
4325720,ESLEM,59.125
4044910,ESRA,134.375
4109480,GÜL,48.375
4505733,HACIVAT,193.5
4093144,HÜRREM,69.875
4543424,IMAGINATION,159.1
4639217,INTREGUE,188.125
4047418,İĞDE ,23.65
4645494,KHAMRAH,94.6
4900804,KUDÜS,161.25
4452404,LIMMENSIT,161.25
4007168,MENEKŞE ,29.025
4655800,MOLKUL 01 BLAK TEA,94.6
4900690,NİLÜFER,81.7
4022561,SNOP,80.625
4606950,VANILLIA- KAYALI,69.875
4626352,VANILLA POWDER- MATIERE PREMIERE ,159.1
4018444,YAĞMUR,91.375
4016241,YEŞİL YOL,166.625
4032444,ZARA,112.875
4015932,MAKAM SPREY,30.1
4027034,ARAFAT,32.25
4017583,BAHUR,34.4
4044918,FEVAKİH,31.175
4616984,BERGAMOT,25.8
4616988,CİTRUS,18.275
4618132,FLOWER GARDEN,22.575
4473218,HANIMELİ,26.875
4000307,IHLAMUR İĞDE,17.0065
4616989,JAPON KİRAZI,22.575
4510471,LAVANTA,20.9625
4473227,NANE- ÇAM,22.575
4616983,PAÇULİ,26.875
4473229,PUDRA,21.5
4616985,SPRİNG,22.575
4473232,YAĞMUR FERAHLIĞI,22.575
4019630,212 SEXY,60.2
4014876,AMOR AMOR,45.15
4900549,ANGEL,63.425
4407120,BARE VANILLA,68.8
4025481,BE DELİCİOUS,51.59999999999999
4039772,BLACK ORCHID TOM FORD,80.625
4071984,BOMBSHELL,65
4028107,BRIGHT CRYSTAL- VERSACE,49.45
4016672,BURBERRY CLASSIC,53.75
4122665,CASAMORATI 1888 LIRA- XERJOFF,62.34999999999999
4007608,CHANEL 5- CHANEL,73.1
4010744,CHANCE CHANEL,51.59999999999999
4039745,CHLOE- CHLOE,67.725
4053923,CHLOE LOVE EAU INTENSE- CHLOE,68.8
4042829,COCO MADMASELE CHANEL ,73.1
4015879,COOL WATER- DAVIDOFF,49.45
4024896,CYRSTAL NOİR- VERSACE,55.9
4021595,ENVY ME- GUCCI,49.45
4010773,ESCADA COLLECTİON,48.375
4037116,ETERNITY- C.KLEIN,48.375
4023277,EUPHORIA- C.KLEIN 4071829,58.05
4022606,FANTASY- BREITNEY SPEARS,52.675
4035622,FLOWER- KENZO,59.125
4022165,FOR HER- NARCISO RODRIGUEZ,58.05
4621598,GOD OF FIRE- STEFHANE,145.13
4017666,HOT COUTERE- GIVENCYH,55.9
4047391,HUGO- HUGO BOSS,59.125
4043597,HYPNOTİC POİSON,59.125
4383911,IDOLE LE PARFUM,70.95
4033120,JADORE ,55.9
4088229,JUST CAVALLI HER- ROBERTO CAVALLİ,75.25
4080112,LA VIE EST BELLE- LANCOME ,70.95
4015303,LACOSTE WOMEN ,55.9
4060341,LADY MİLLİON,63.425
4026981,L'EAU D'ISSEY- ISSEY MIYAKE,75.25
4046047,LIMPERATRICE,62.34999999999999
4035731,LIGHT BLUE- DOLCE GABBANA 4188743,53.75
4015739,LOLİTA LİFT,53.75
4676051,MADURAI- MEMO,161.25
4053924,MAGNETISM- ESCADA,67.725
4131802,MODERN MUSE,73.1
4186113,MUKHALLAT- MONTALE,32.25
4247991,MY BURBERRY BLACK,88.14999999999999
4344313,NO: 1- CLIVE CHRISTIAN,66.64999999999999
4900609,NOA CLASSIC,43
4190976,OLIMPIA- PACO RABBANE,73.1
4045121,PİNK SUGAR,64.5
4023098,POEME- LANCOME,55.9
4069226,PRADA CANDY 4328013,68.8
4900830,RALPH- RALPH LAUREN,50.525
4185848,ROSE VANILLIA- MANCERA,66.64999999999999
4008299,RUSH I- GUCCI (PEÇE),66.64999999999999
4048114,RUSH II- GUCCI,59.125
4136268,SCANDALOUS- V.SECRET,81.7
4017389,SEXY GRAFITY- ESCADA,53.75
4370832,SIGNATURE- CHLOE,88.14999999999999
4129867,SO SEXY- V.SECRET,83.85
4523137,VANILLIA BLEND- ZIELINSKI,59.125
4035210,WEEKEND BUEBERRRY,49.45
4900726,212 MEN,53.75
4029477,212 SEXY MEN- C.HERRERA,49.45
4066313,212 VIP FOR MEN- C.HERRERA,67.725
4246606,ABSOLUTE APHRODISIAC- INITIO,80.625
4017532,ALLURE HOMME SPORT- CHANEL,53.75
4635879,ALTHAIR-  PDM,96.75
4135871,AMOUGE- INTERLUDE,161.25
4900803,AQUA Dİ GİO ,49.45
4022528,AQUA POUR HOMME- BVLGARI ,51.59999999999999
4017635,ARMANİ BLACK CODE,53.75
4352661,ARMANI YOU INTENSELY,135.45
4081014,AVENTUS- CREED ,75.25
4518743,"BLACK PEPPER, AMBER- ZIELINSKI",118.25
4023467,BLACK XS,50.525
4042261,BOSS ,65.575
4011193,BOSS IN MOTION,56.97499999999999
4009739,BRUT- FABERGE,54.825
4026501,BURBERY- REİS SPREY,50.525
4900090,C.K. ONE- CALVİN KLEİN,60.2
4042032,CALDION,56.97499999999999
4385535,COCAINE- FB,87.075
4040092,COOL WATER- DAVIDOF,65.575
4009878,DESİRE ,56.97499999999999
4026591,DOLCE & GABBANA ,52.675
4010254,EGOIST PLATINUM- CHANEL,69.875
4081533,EROS- VERSACE,68.8
4052363,ESCENTRİC MOLECULES 2,94.6
4047518,ETERNITY FOR MEN- C.KLEIN,58.05
4009039,FAHRENHEİT,56.97499999999999
4327504,FUCKING FABULOUS- T.FORD,77.39999999999999
4041421,GIVENCHY- GİVENCHY,55.9
4466786,GOODNIGHT- ROJA,88.14999999999999
4360808,GUMIN- TIZIANA TERENZI,74.175
4505695,INFINITY- VAKKO,75.25
4010019,İNTENCE ULTRAMARİNE,53.75
4038262,JOOP HOMME,59.125
4402065,K BY DOLCE & GABBANA,69.875
4024222,KENZO,50.525
4043997,LA NUIT DE L'HOMME- YSL,62.34999999999999
4023390,LACOSTE ESSENTİAL,53.75
4016288,LACOSTE STYLE IN PLAY,56.97499999999999
4044890,LE MALE- JEAN POUL ,73.1
4009128,LEAU D.İSSEY,53.75
4036904,L'EAU PAR KENZO- KENZO,59.125
4032479,LIGHT BLUE POUR HOMME,54.825
4241696,MORE THAN WORDS- XERJOFF,73.1
4192034,NOIR EXTREME TOM FORD,73.1
4039759,ONE MİLLİON ,73.1
4106857,OUD ROSE- MONTALE,80.625
4193868,OUD WOOD- TOM FORD,75.25
4900611,PI- GIVENCHY,49.45
4038865,PİNO SİLVESTRE,91.375
4285943,REFLECTION MAN- AMOUAGE,73.1
4190904,SAUVAGE ,73.1
4068849,SİGNATURE- BOND NO:9,75.25
4257098,SMOKE FOR THE SOUL- KILIAN,94.6
4030592,SNOP,60.2
4013239,SUN MAN -JİLL SUNDER,52.675
4129786,TABACCO OUD- TOM FORD,86
4027149,TERRE D.HERMES,55.9
4071533,THE ONE  DOLCE GABBBANA,74.175
4010253,ULTRAVİOLTTE- P.RABANE,52.675
4373697,1861 NAXOS- XERJOFF,118.25
4316431,ADDICT DIOR,74.175
4022881,ALIEN T.MUGLER,59.125
4381996,AMBER MUSK- MONTALE,231.125
4340456,ANTIKA OUD KING,118.25
4053758,AQUA DI GIOIA,66.64999999999999
4011291,AZZARO POUR HOMME EG,59.125
4027886,AZZARO POUR HOMME TOP,91.375
4258106,BIRON AFRO,94.6
4551232,BLONDE AMBER- CLIVE CHRISTIAN,268.75
4247995,BLUE TEA- BVLGARI,80.625
4064499,BOSS ORANGE MAN ,65.575
4005650,BURBERY MEN,40.85
4023227,CIGAR- REMY LATOUR,91.375
4080791,COCO NOIR  CHANEL,73.1
4067086,COCONUT PASSION- V.SECRET,66.64999999999999
4359569,COLONIA- AQUA DI PARMA,98.89999999999999
4014857,DECLARATION,53.75
4066389,DIOR HOMME SPORT,67.725
4518717,DOVE- ROJA,241.875
4006093,EMPERIO ARMANI HE,45.15
4026913,EUPHORIA MAN,52.675
4030874,FAHRENHAIT 32,73.1
4526856,FLEUR DU DESERT- L VITTON,430
4362266,FUNNY- MOSCHINO,118.25
4022610,GAULTIER2,55.9
4035209,GENTILMEN- GIVENCHY,51.59999999999999
4242911,GRAN BALLO,116.1
4199925,HIMAYALA- CREED,77.39999999999999
4271468,INTENCE CAFE- MONTAL,77.39999999999999
4048810,JASMINE NOIR- BVLGARI,77.39999999999999
4302940,KERKUK OUD EXTRA KURDIJIAN,107.5
4066592,KILLINGTON BILL BLACK,123.625
4013522,LAPIDUS WOMEN- TED LAPIDUS,40.85
4265637,LAYTON- MARALEILAN,172
4368620,LOST CHERY,68.8
4060752,MADAME ROCHAS,62.34999999999999
4027038,MIRACLE- LANCOME,51.59999999999999
4243346,OAJAN- PARFUM DE MARLEY,59.125
4254203,OPERA SOSPIRO,118.25
4016201,ORGANZA- GIVENCHY,48.375
4060141,OUD ROYAL G.ARMANI,66.64999999999999
4072465,THE ONE- DG,68.8
4276649,X CASA TUSCANY,166.625
4254879,VODKA ON THE ROCKS- BY KILIAN,116.1
4138184,CHOCOLATE GREEDY- MONTALE,53.75
4346858,OUDMAZING- MONTALE,109.65
4526757,,98.89999999999999
4390479,VANILLA CAKE- MONTALE,48.375
4618295,ELECTRIC CHERRY- TOM FORD,103.2
4551162,CHERRY SMOKE- TOM FORD,137.6
4432633,ATLANTIDE- TIZIANA TERENZI,489.125
4105825,FABULOUS- VICTORIA'S SECRET,70.95
4106314,C.K.ONE- CALVIN KLEIN,75.25
4621598,GOD OF FIRE- STEPHANE HUMBERT LUCAS 77,145.125
4377235,PATCHOULI INTENSE- NICOLAI ,98.89999999999999
4306722,SPUNK EXTRA - VIKTOR ROLF,155.875
4344531,PROFUMUM ROMA,36.55
4352414,GUERLAIN,102.125
4391080,BOND NO.9,188.125
4276695,CLIVE CHRISTIAN,112.875
4285411,STRONGER WITH YOU,145.125
4095268,MISS DIOR BLOOMING BOUQUET,96.75
4483320,1861 RENAISSANCE,86
4619152,ON THE BEACH,252.625
4634280,COUER BATTANT,252.625
4431785,NOUVEAU MONDE,225.75
4301125,OUD SILK MOOD,166.625
4410104,CASSIOPEA,102.125
4344469,URSA,180.6
4388511,VANILLA VIBES,96.75
4318785,PARFUMS GYPSY WATER,98.89999999999999
4625210,DEVOTION,91.375
4036517,,55.9
4406907,ROLLING IN LOVE- BY KILIAN,204.25
4267154,CK2- CALVIN KLEIN,116.1
4673631,,118.25
4487885,,98.89999999999999
4649877,,225.75
4646101,,155.875
4282912,MISS CHERIE L'EAU- DIOR,73.1
4900217,POLO SPORT,66.64999999999999
4318290,SI PASSIONE,73.1
4022608,,61.275
4316445,,38.7
4297925,,38.7
4237434,,36.55
4303501,,36.55
4451037,,36.55
4189992,,37.625
4278004,,36.55
4242344,,39.775
4277954,,36.55
4300075,,36.55
4146446,,36.55
4319572,,36.55
4074764,,65.575
4086486,,72.02499999999999
4015641,,52.675
4413116,,118.25
4338363,,161.25
4252423,,112.875
4282066,,75.25
4286076,,134.375
4900375,,86
4417170,,36.55
4131553,,159.1
4475132,,247.25
4138217,,80.625
4006094,,51.59999999999999
4041001,,69.875
4024449,,55.9
4041415,,53.75
4009040,,49.45
4024450,,59.125
4015463,,53.75
4039859,,74.175
4084008,,68.8
4014817,,62.34999999999999
4043112,,58.05
4049148,,62.34999999999999
4044792,,49.45
4015557,,38.7
4042075,AVON CELENİUM,68.8
4187976,DOLCE & GABBANA,68.8
4021066,,53.75
4069112,,118.25
4086143,,96.75
4002893,,96.75
4022348,,177.375
4060647,,80.625
4041514,,30.6375
4191366,,
4235459,,73.1
4622567,,112.875
4041018,,74.175
4023391,,61.275
4080469,,177.375
4141419,,80.625
4050592,,75.25
4022643,,80.625
4028318,,55.9
4035008,,62.34999999999999
4036618,,55.9
4014316,,64.5
4027917,,62.34999999999999
4317710,,161.25
4042076,,24.725
4033126,,58.05
4428032,,209.625
4129956,,116.1
4043511,,64.5
4026672,,55.9
4316445,,38.7
4189995,,48.375
4017696,,64.5
4039406,,70.95
4306105,,123.625
4900046,,101.05
4900427,,52.675
4005694,,66.64999999999999
4293766,,96.75
4028106,,134.375
4633244,,38.1625
4549211,,274.125
4055983,,70.95
4077960,,68.8
4011385,,48.375
4030374,,75.25
4255140,,145.125
4005240,,47.3
4000228,,19.35
4004710,,32.25
4900050,,37.625
4141137,,98.89999999999999
4138963,,80.625
4006326,,80.625
4041983,,53.75
4000846,,34.4
4039466,,73.1
4349700,,91.375
4149397,,155.875
4485976,,134.375
4477358,,118.25
4144153,,68.8
4041464,,69.875
4021241,,61.275
4026856,,49.45
4052037,,86
4030097,,53.75
4070508,,116.1
4360805,,150.5
4291762,,206.4
4321939,,231.125
4271998,,134.375
4000048,,34.4
4001710,,88.14999999999999
4009200,,55.9
4189093,,123.625
4291258,,134.375
4289043,ONE MILLION,139.75
4632598,,129
4292099,JADORE,91.375
4102071,,62.34999999999999
4067154,,94.6
4138952,,118.25
4095545,,134.375
4081507,,166.625
4017621,,172
4468884,,166.625
4023699,,118.25
4252755,,91.375
4016656,,80.625
4900686,,129
4194672,,86
4143987,,102.125
4148093,,161.25
4302205,,172
4291570,,155.875
4265639,,333.25
4321898,,112.875
4129213,,80.625
4010642,,52.675
4248728,,88.14999999999999
4103649,,83.85
4194943,,36.55
4058968,,73.1
4023278,,53.75
4070343,,67.725
4084010,,74.175
4288141,,69.875
4046139,,33.325
4036651,,23.65
4062622,,152.65
4066636,,62.34999999999999
4369899,,188.125
4638268,,161.25
4059652,,109.65
4027884,,92.45
4360546,,88.14999999999999
4461706,,69.875
4530753,,172
4409725,,188.125
4265493,,169.85
4383910,IDOLE LE PARFUM,139.75
4427443,MY WAY- ARMANI,150.5
4077864,,139.75
4399913,,145.125
4072730,,66.64999999999999
4024817,,61.275
4022708,,58.05
4110628,,59.125
4035727,,55.9
4640062,,116.1
4374773,,118.25
4621833,,96.75
4380958,,184.9
4632599,,198.875
4238783,,75.25
4080934,,96.75
4389670,,69.875
4038300,,73.1
4026280,,51.59999999999999
4074046,,48.375
4141164,SECRET FANTASY MIDNIGHT- AVON,59.125
4068588,,141.9
4376937,AFTERNOON SWIM- LOUIS VITTON,403.125
4626838,CALABRIA- GISSAH,98.89999999999999
4100306,,161.25
4392740,,86
4136959,,105.35
4460715,,252.625
4046468,,30.1
4026863,,51.59999999999999
4286207,,69.875
4050436,,123.625
4085266,,96.75
4139470,,80.625
4654539,,59.125
4650982,,109.65
4364652,,88.14999999999999
4656105,,80.625
4660832,,64.5
4448006,,48.375
4046452,,134.375
4421983,,32.25
4130332,,116.1
4141839,,134.375
4492917,,98.89999999999999
4386438,,182.75
4395258,,118.25
4900499,,55.9
4266970,,
4042046,,80.625
4661827,,94.6
4090856,,145.125
4504528,,69.875
4100067,,135.45
4645524,,198.875
4900047,,59.125
4040653,,
4055366,,16.125
4026923,,
4090773,,
4623245,,102.125
4549496,,148.35
4090771,,91.375
4297150,,80.625
4900793,,90.3
4351203,,36.55
4653275,,295.625
4643234,,231.125
4000018,,17.7375
4006624,,16.125
4300998,,311.75
4497484,,311.75
4651539,,169.85
4465635,,75.25
4255791,,91.375
4039872,,67.725
4651541,,182.75
4674958,,169.85
4635324,,145.125
4621360,,182.75
4438710,,188.125
4631438,,139.75
4636006,,102.125
4194675,,129
4071637,,41.925
4276292,,
4263604,,136.525
4370767,,105.35
4301846,,104.275
4635018,,109.65
4272659,,
4236963,,
4016588,,
4322161,,59.125
4326663,,72.02499999999999
4651540,,64.5
4653968,,317.125
4654635,,118.25
4626175,,169.85
4653706,,177.375
4051615,,166.625
4656188,,159.1
4368165,,166.625
4373039,,193.5
4033377,,64.5
4115452,,94.6
4350846,,145.125
4248003,,59.125
4681493,,118.25
4530135,,193.5
4194673,,96.75
4676577,,241.875
4676693,,145.125
4243945,,51.59999999999999
4406615,,134.375
4485903,,202.1
4402293,,139.75
4611517,,69.875
4659114,,236.5
4436356,,204.25
4618027,,241.875
4636484,,102.125
4237228,SCENT- BOSS,102.125
4517766,,182.75
4605241,,107.5
4438587,,263.375
4278356,,161.25
4667320,,94.6
4663331,,258
4649473,,172
4082175,,73.1
4005911,,83.85
4031925,,82.77499999999999
4015281,,155.875
4900564,,145.125
4900833,,47.3
4039719,,94.6
4651427,,161.25
4526530,,166.625
4199992,,172
4406839,,258
4652926,,209.625
4141355,,166.625
4142424,,105.35
4083174,,159.1
4067477,,161.25
4008198,,134.375
4071983,,98.89999999999999
4088135,,94.6
4651472,,139.75
4900674,,150.5
4448972,,118.25
4066666,,161.25
4295092,,188.125
4676013,,295.625
4676018,,241.875
4653268,,161.25
4488169,,145.125
4686750,,324.65
4659310,,
4192852,,36.55
4138965,,109.65
4335894,,225.75
4673851,,
4071331,,75.25
4671352,,123.625
4621395,,109.65
4290244,,134.375
4338482,,231.125
4428185,,139.75
4300785,,131.15
4551333,,94.6
4665625,,370.875
4612203,,116.1
4649551,,145.125
4689675,,135.45
4676016,,134.375
4665107,,36.55
4476049,,150.5
4026512,,169.85
4664990,,120.4
4661738,,94.6
4036651,,23.65
4000183,,32.25
4272660,,
4016312,,51.59999999999999
4330041,,
4304201,,
4127234,,
4142855,,112.875
4637043,,159.1
4676802,,172
4317753,,75.25
4067788,,88.14999999999999
4698866,,120
4316138,,172
4290232,,37.62
4694542,,190
4110075,,155.9
4254847,,166.7
4058473,,
4040649,,
4347454,,73.1
4399014,,134.4
4093743,,91.4
4703324,,60
4496065,,145.1
4703715,,138
4511137,,191.3
4651986,,370.88
4701290,,185
4276761,,77.72
4071532,,
4150018,CARNAL FLOWER,80.625
4310598,IRIS PUDRA,70.95
4235108,MUSK RAVAGERS,66.64999999999999
4342676,,73.1
4078163,,53.75
4376386,,64.5
4650094,,96.75
4650067,,66.64999999999999
4652363,,69.875
4640079,,161.25
4428556,,64.5
4272377,,77.39999999999999
4075026,,134.375
4393949,,118.25
4248139,,241.875
4036439,,166.625
4653956,,150.5
4386441,,225.75
4645491,,198.9
4302939,BECOUSE ITS YOU,83.85
4192248,BLACK ORCHID,191.35
4055760,BOTTLED NIGHT- BOSS,163.4
4609297,BURBERY HER ELIXIR,94.6
4051165,CHANCE EAU TENDRE,166.625
4235219,CHANEL 5,155.875
4139463,COCO MADAM,129
4337631,DELUXE- T.TERENZİ,155.875
4199891,LANUIT DEL HOMME,126.85
4235280,LAVIA EST BELLE,166.625
4382521,LIBRE- YSL,172
4421517,MARIJUANA- BYREDO,86
4190196,SAUVAGE,155.875
4101761,SI- ARMANI,152.65
4308542,SI PASSION- ARMANI,139.75
4386320,Y LIVE- YSL,129
4422922,PRIVE VERT- ARMANI,134.375
4616737,AMBER OUD GOLD EDITION - AL ARMAIN,139.75
4382625,CLUB DE NUIT INTENSE- ARMAF,413.875
4142458,,150.5
4322842,,112.875
4066233,212 VIP FOR MEN,152.65
4055982,212 VIP WOMN,177.375
4333007,ALLURE HOMME SPORT,148.35
4279381,AQUA POUR HOMME ATLANTIQVE,301
4029366,BALDESSARINI AMBRE,159.1
4137955,BLACK OPIUM,137.6
4284208,BLACK XS,139.75
4066377,BODY,166.625
4527918,BOIS IMPERIAL,182.75
4304274,CEDRAT BOIS- MANCERA,161.25
4095269,CHERRY IN THE AIR,166.625
4006532,CLIMAT,163.4
4512864,DOLCE PEONY,94.6
4324170,ELYSIUM POUR HOMME PARFUM COLOGNE,494.5
4438586,ESCENTRIC MOLEKUL 05,225.75
4632839,EXOTIC AMOR,69.33749999999999
4384812,HINDUKUSH- MANCERA,182.75
4070578,HYPNOSE,148.35
4339553,I DONT NEED PRINCE,188.125
4308125,INITIO PSYCHEDELIC LOVE,225.75
4150298,INSENSE COFEE,118.25
4515605,KRISTINA- TERENZI,263.375
4374928,LAKY WISH- ANNA SUI,96.75
4139798,LIAISONS DANGERUSES- KILLIAN,159.1
4046460,MANGO AIRCH,24.725
4059959,NECTARINE- JO MALONE,129
4027567,NINA 2006,155.875
4432765,OCEAN LEATHER- MEMO,102.125
4189679,OLYMPEA,112.875
4438611,PINEAPPLE,166.625
4101370,SHAIK 77,73.1
4341072,VERSACE MEN EAU FRAICHE,172
4522191,WEEKEND,86
4384242,,163.4
4322346,,102.125
4481432,,150.5
4094059,,174.15
4410754,,295.625
4102535,,112.875
4071469,,163.4
4619355,,295.625
4653666,,159.1
4142228,,38.7
4552909,,220.375
4644439,,91.375
4647215,,112.875
4648276,,172
4656261,,166.625
4068106,,137.6
4458991,,141.9
4279205,,31.175
4120675,,94.6
4120674,,126.85
4612202,,134.375
4660638,,139.75
4529404,,204.25
4433560,,59.125
4626510,,154.8
4622460,,188.125
4301629,,155.875
4357964,,188.125
4530761,,134.375
4282299,,109.65
4600971,,75.25
4046420,,160.5
